F3,F4,T3,T4,C1,C2
0.1117548,0.1029759,1.3121570,1.8922585,0.0937094,1.4374400
-0.1295298,-0.2154603,1.5165656,2.0756450,-0.3165011,0.3369803
0.0388255,0.4878769,1.7334533,1.4475594,-0.4832409,-0.3792012
0.6067570,1.5723881,1.7156173,1.7124462,-0.2848916,0.3105068
0.5835307,1.3739158,1.5942791,1.7562519,-0.3570439,1.0644188
0.2615744,0.9814940,1.5861143,1.5576481,-0.5349507,0.4321338
-0.1471349,1.0039977,1.5724901,1.6767405,0.2690471,0.4957341
0.1619216,0.9462000,1.4051839,1.5659275,-0.0720871,1.6028348
0.1690595,0.1679430,1.7351031,1.2179446,-0.4075332,1.3372450
0.1566968,0.0849930,1.8825099,0.6962714,-0.3957039,0.0126921
0.5667055,0.2571203,1.8590343,0.6115119,-0.0134354,0.2147473
0.9861490,0.7530159,1.8385137,0.9135380,0.6102105,0.5736158
1.2269419,1.6280878,1.7638568,1.6616106,0.5156499,-0.0173049
0.9808301,1.0041001,1.8611239,2.1264231,0.2857172,0.8107047
1.0732312,0.6450474,1.8271916,2.3213916,-0.2139205,1.4885578
1.5924010,0.7516820,2.0835228,2.1032989,-0.3147671,0.6795974
1.1319011,0.0529623,1.9238857,1.7829851,-0.5519875,0.5981475
0.7202754,-0.0274304,1.7219603,1.7289618,0.2324801,1.2663379
0.8626037,0.0282079,1.9219763,1.4564991,-0.4208322,0.3452314
0.3892610,-0.3711563,1.9014361,1.1098617,-0.3507893,0.0771324
0.1217356,-0.4832474,1.6265479,1.3221996,0.4115947,0.3047646
0.5724774,-0.3557135,1.5791062,1.0598359,-0.1104839,0.1012412
0.5212872,-0.0748233,1.7831855,1.0485133,-0.6520151,-0.3891367
0.1553310,-0.0475205,1.5981290,1.1557654,-0.5887340,0.2804311
0.1744252,0.0432851,1.4650568,1.1064750,-1.0374029,0.6143412
0.2296189,-0.2452132,1.3766487,1.1006312,-1.0253410,-0.2664346
0.0792094,-0.7103310,1.2914367,0.7601488,-0.2345578,-0.2493450
-0.4680677,-1.5248617,1.2628816,0.5068725,-0.2305668,0.9799513
-0.2985187,-0.6823725,1.5384538,0.5187516,-0.1633245,1.0288954
0.4048637,-1.3028880,1.3879532,0.5229731,-0.4662691,0.2926885
0.8371059,-1.0008535,1.3672923,0.7163575,-0.2234226,0.9767604
1.3128605,0.1260686,1.5912114,0.9246674,-0.1283318,0.4365509
1.0228983,0.6294062,1.7104164,1.0326711,-0.5150557,-0.3442360
0.5874824,0.3346043,1.4904536,0.9387943,-0.5470833,0.2214967
-0.1338798,-0.3182159,1.3446038,1.1033329,-0.0623590,0.3563499
-0.2681851,-0.3615775,1.3779789,0.8723331,-0.2372218,-0.4222873
-0.4539556,-0.4447118,1.2684481,0.4838997,-0.7791432,0.0397772
-0.5489748,0.3268536,1.3072631,0.5073798,-0.5916085,1.0421188
-0.3599208,0.1315052,1.4361945,0.5545554,-0.9718236,0.1888211
0.2634759,-0.4944794,1.4073192,0.7063646,-0.5459921,-0.2020643
0.3855439,0.0442301,1.2666761,0.9335375,-0.7446741,0.1380286
0.4058822,0.0458266,1.4724000,1.0848576,-0.7095675,-0.6100553
0.4774965,0.0048452,1.5260712,0.9339561,-0.7458099,-0.7496858
-0.0707276,0.3221420,1.5165840,1.1377095,-0.5482991,0.1696016
-0.3393518,1.0418833,1.5557792,1.3505188,-0.9012825,0.4653183
0.1172278,1.1356426,1.4842577,1.2541739,-1.6610423,-0.1831525
0.2361795,0.3359451,1.4466976,0.9227201,-0.8761961,-0.1240883
0.1299624,0.3717158,1.2322593,0.9908046,-0.7241354,0.9636407
0.6573877,-0.2017066,1.7025924,1.0979912,-0.6518797,0.3579464
1.2189938,0.3774238,1.9920328,1.0582412,0.2216068,0.1069172
0.7709634,-0.4121274,1.9153504,0.7118087,0.3149487,0.7133011
0.7102945,-0.8038723,1.7356538,0.5140907,-0.3078196,0.3266128
1.1280090,-0.4416097,1.6362611,0.7241492,-0.5856165,-0.7367243
0.7542280,0.5053792,1.5827305,0.8899170,-0.1174359,0.1580714
0.8011318,0.4381427,1.6791296,0.8309524,-0.3097588,0.4401393
1.0762250,0.0074127,1.8160558,0.6638786,-0.2678559,-0.3379363
0.9202529,-0.6066794,1.8444880,0.5693324,0.1436315,-0.1402529
0.4397312,-0.2354614,1.6610578,0.4340667,-0.6366434,0.1793651
0.8499720,0.3107776,1.9045258,0.6839888,-0.7727086,-0.8788281
1.2169472,0.4085134,2.4591775,0.6465445,-0.0743307,-1.0449198
0.8308020,0.4455762,2.3108432,0.6316140,0.0656946,-0.0854168
0.5693181,0.2648406,1.7673078,0.6712598,-1.3921783,-0.6121912
0.4764560,0.3873178,1.5897788,0.2102035,-1.6091778,-1.1621003
0.7949623,0.6245521,1.2722197,0.1216312,-2.1461933,-0.8338239
0.6024424,0.5556583,1.3053569,0.0382015,-2.0523734,-0.9141965
0.2142546,0.9659243,1.6447616,-0.0716702,-2.2748652,-1.6732637
-0.2433728,0.6143826,1.3939264,-0.1079081,-2.6002057,-1.1557211
-0.4808659,0.3763470,0.9854406,-0.1684908,-3.1178212,-0.6436921
-0.5441813,0.1789877,1.0439448,-0.3068472,-3.0350780,-0.8855144
-0.8114187,0.5700591,1.0416466,-0.5462981,-2.0651639,-0.8594432
-0.8064122,1.0200945,0.9650110,0.1353062,-1.7465690,-0.0255002
-0.4516182,0.2619327,1.1287369,0.5258934,-1.5106319,-0.0636496
-0.1878260,0.1211633,1.4006515,0.2828307,-1.2917751,-0.8975827
0.1954299,1.2665884,1.3937268,0.5629722,-0.8556753,-0.3069370
0.6193953,1.1759833,1.3217982,0.7685257,-0.0122810,0.1973614
1.1300963,0.9257917,1.6036673,0.4029857,-0.3661201,-0.3177634
0.9502293,0.5694848,1.5774466,0.2260442,0.1987381,-0.5001770
0.7596825,0.5188318,1.5926895,0.2150706,-0.2484156,0.2011215
0.4079548,0.1841407,1.5268003,-0.0050233,-0.5280029,-0.5408781
0.2790338,-0.1037489,1.2799014,0.0861627,-1.5021379,-1.1915550
-0.4045741,-0.7089400,1.0059882,-0.3722188,-1.5276220,-0.2543364
-0.7856608,-0.6459885,0.9283560,-0.3816984,-1.3261952,0.0774751
0.0199616,1.9943668,1.2571002,0.6913535,-1.0509568,-0.3540952
0.7922701,2.2271895,1.0918580,0.8027632,-0.6493670,-0.3011635
0.3270508,2.4432766,0.9188998,0.9502521,-0.8639538,0.2383721
-0.0642566,2.1120214,1.0602677,1.4437510,-0.5197244,0.0128672
-0.0287506,2.7630124,0.8120561,1.8216987,-0.0891674,0.4267425
-0.6110038,2.0627036,0.6176447,1.7387075,-0.1710390,0.8681236
-0.7504294,1.2601290,0.7767337,0.9861557,-0.5877800,-0.1304259
-1.2042100,1.2226363,1.0008923,0.6521148,-1.0338702,-0.4004015
-1.0378069,1.8694777,0.9091858,1.0761193,-0.4726273,0.5508538
-0.9002323,1.6045642,0.8253873,1.4692037,-0.6147206,0.4888516
-0.7125684,1.3221457,1.0752152,1.4293190,-0.8173690,-0.3182865
-0.7986951,1.8259619,0.9797595,1.2277421,-0.9782810,0.1775391
-0.7928601,2.1148288,0.8620374,1.3886056,-1.2135769,0.2621350
-0.0912718,1.9415593,0.9898169,0.9738729,-1.2797110,-0.6418298
-0.2656600,1.9585694,1.2422550,1.2092838,-1.0470541,-0.6715634
-0.4163144,1.9803081,1.3721868,1.7111913,-0.5508296,0.0784694
-0.3840986,1.7129951,1.4356552,1.6042416,-0.5227955,-0.1303540
-0.1723081,1.9350079,1.4482356,1.8872595,0.2610599,-0.6326045
-0.3781774,1.7107244,1.2982134,1.8828474,0.1918553,-0.3668075
-0.8423979,1.3365617,1.2589833,1.5756052,0.3265277,0.0595007
-0.4718222,0.6072362,1.0828382,0.9959998,-0.1191295,-0.3218184
-0.7117692,-0.2984183,1.0007718,0.9217815,-0.3965029,0.4881648
-1.1811206,0.3412755,0.9531009,0.8960872,-1.0462750,0.8137064
-1.4494816,0.3168404,0.7437735,1.0774782,-1.4232266,-0.0689635
-0.9167671,0.7438105,0.7630548,1.1238538,-1.0740451,-0.1531460
-0.9120232,0.1350345,0.7681696,1.2779125,-0.7898766,0.4926673
-0.2479406,0.2078555,0.9396645,1.1948882,-1.0559572,0.0125632
-0.3318827,0.6467949,1.0220942,1.2292783,-0.3040622,-0.8225285
-0.1250237,1.2462403,1.0231192,1.3787426,-1.0327623,-0.0230349
0.0247428,2.0531039,1.1287112,1.3743304,-1.2947313,-0.0750947
0.0171151,1.5361044,1.5490124,1.6911211,-1.7353574,-0.8355170
0.1534640,1.5866646,1.5019138,1.5896705,-2.0670214,-0.0124946
0.2649777,2.0017233,1.2396092,1.8018589,-1.0871761,0.2400453
0.6715009,2.2720182,0.9256643,2.2310746,-1.2187029,-0.6204780
0.8057340,2.9204562,1.1303712,2.3906527,-1.1806611,-0.6244282
-0.4688077,2.2950833,0.7806016,1.9580352,-0.3742235,-0.1089278
-0.7245249,1.9290503,0.6359813,1.6593450,-1.2440140,-0.1727394
-0.7955140,1.5029520,0.8182523,2.1939123,-1.0260336,-0.5274876
-0.5343409,1.9052876,0.9415674,2.6186712,-0.2640674,0.8407852
-0.4400751,1.4169034,1.0307347,2.3911111,-0.8274357,1.5204109
-0.7746948,1.9943156,1.2364440,2.5930340,-0.3560153,0.6880195
0.1736801,2.1439011,1.4067196,2.5599449,-0.1637795,0.9946936
0.1682250,2.6342151,1.5680099,2.7454000,-0.0131398,1.1747997
0.0539584,3.1031535,1.6523670,2.4387789,-0.5105553,0.5936818
-0.0380744,2.7677915,1.5838825,2.3532739,-0.3417120,0.4753985
0.5489535,2.6380134,1.3992479,2.6042464,-0.5154523,1.0680006
1.0523893,2.1079538,1.6688160,2.4728730,-0.7068634,0.4693828
1.0648015,2.5919759,1.8157355,2.4169486,-0.3784119,0.0566648
0.4313233,3.2348685,1.8421816,2.6550109,0.5177241,0.8313550
0.5931971,3.1859946,1.9826516,2.9945900,-0.3642556,0.9883032
0.6368148,3.2834771,1.9775028,2.9712689,-0.9067975,0.5705996
-0.2394574,2.8677063,1.3986223,3.3868952,-0.6970744,1.2135313
0.8168610,3.4059601,1.4717047,3.3514130,-0.1051266,1.9357500
2.3812079,4.2768898,2.0255713,3.0971751,0.0275859,0.5243093
1.8988601,3.4539206,1.9061584,3.0450621,-0.6993571,-0.2502710
2.3021145,2.8631086,1.8061802,2.5456860,0.3627563,0.3135578
2.7741244,1.6415844,2.0988512,2.2211163,-0.1694039,-0.3423752
2.4966016,1.7849158,2.2181654,2.2110929,-0.2418601,-0.4011017
1.9067327,2.5856340,2.1775856,2.0966997,0.6961622,0.7753356
1.7076404,2.6307559,2.3169067,2.7399533,1.0644289,1.1730031
2.1162171,2.9632230,2.2048635,2.5053058,0.8487411,0.6536666
2.4518213,3.6140471,2.1242161,2.5810790,0.6209140,1.2222095
2.5730541,3.4451516,2.1921334,3.2351103,0.8675581,1.8819330
2.2774155,2.5804503,2.0557480,2.6793237,0.9166329,0.6460765
2.1753538,1.5422598,2.0527208,2.1720333,0.3211733,0.5056255
1.6265365,1.5744300,2.0620980,1.9463708,0.0000927,1.1885223
1.8798630,1.9368938,2.4554961,1.9370284,0.6627933,0.6649220
2.6964495,2.0829523,2.6618550,2.0793726,1.1384920,0.3234147
2.8164506,2.3114247,2.2377980,1.7901659,1.0947753,1.0554047
2.9293101,2.1603220,2.1185622,1.5801557,0.7218024,0.6786318
3.2701490,1.0090123,2.2660687,1.2949649,0.9339072,0.0619940
2.2501032,1.3796101,2.0248084,1.1389124,1.0358661,0.4781196
2.2110484,0.5139577,1.8720726,1.1642534,0.6640026,0.7027665
2.1211762,-0.2892967,2.0703115,1.2520045,0.2598461,0.1501908
1.7061149,0.0970344,1.8211979,1.0854647,0.0032534,-0.0634171
1.9437673,0.1878671,1.6971602,0.7542651,0.5833230,1.3068916
1.6393597,0.8626316,1.9067537,0.8428524,0.7828285,0.8797705
1.3327873,0.5089357,1.8202189,0.8801256,0.5324960,0.2593607
1.3468530,-0.3246026,1.5610334,0.7649699,0.6236152,0.5587376
0.8959976,-0.6370366,1.5895970,0.8327624,0.4574343,0.5746740
0.7824724,-0.2608499,1.7751495,0.7991220,0.8070897,0.2611131
1.1366647,-0.2289246,1.6945438,0.4013082,0.2739418,0.4594589
1.4427520,-0.1246903,1.8327446,0.6581704,0.6392982,1.0113535
1.0465871,-0.3802177,1.9907024,0.9663882,0.7747883,0.3488501
1.3027784,0.5695060,1.6095331,0.8786621,1.0042801,-0.0355737
1.4695419,0.2732089,1.5372214,0.9740232,0.6233833,0.4608366
1.2295898,0.1873113,1.5787196,1.0514901,0.3942138,0.1677650
1.5218010,0.6304290,1.6039649,0.9432879,0.6429682,-0.0030379
1.3845571,1.1501669,1.4952365,0.7295755,0.5077843,0.4469308
1.7705193,0.7485854,1.6787874,0.9107197,1.0432614,0.7870316
2.0528667,0.7664145,2.0415475,1.2317406,0.9772937,0.2588139
1.6930544,0.5020764,1.8773866,0.8987407,1.3906399,0.1713705
1.7190317,0.1542713,1.8556926,0.8678755,1.5017936,0.0643448
1.4418240,-0.5215293,2.1041148,0.8024783,0.3733818,-0.1318551
1.0727956,0.2863601,2.1274066,0.9598107,0.3056514,-0.0048732
1.3769919,-0.1629827,1.8136208,0.5943143,-0.1537289,0.4319218
1.8003663,-0.3918779,2.0002427,0.3156292,0.3929280,0.0844279
1.8457040,0.6062238,2.0823746,0.7733928,0.5271562,-0.2678896
2.1767621,0.6320556,1.9229439,0.6158450,0.3822398,0.4081033
2.0691199,-0.2565197,1.9520130,0.5573805,0.1526100,-0.0427135
1.8246316,0.1388109,2.2358537,0.6569194,0.3946120,-0.8002745
1.0164070,-0.2584314,1.9563426,0.3568310,0.4723998,-0.3699051
0.8046569,-0.2013067,1.3881304,-0.1861061,-0.8822251,0.2286567
0.9112039,0.1468816,1.3438587,-0.1799067,-0.7040675,-0.1891483
1.2251282,-0.7196143,1.3320982,-0.3051693,-0.3973336,-0.7776380
1.6747160,-0.9611400,1.2128030,-0.5280688,-0.0056128,-0.5204329
1.9563804,-0.5696416,1.8687910,-0.5759977,0.3816255,-1.1102518
2.8201702,-0.4535381,2.3108170,-0.1010340,0.9962928,-1.4223630
2.4728067,-0.7843198,2.2796738,0.0482967,0.5541602,-1.1227618
1.9416289,-0.4747030,2.1458492,0.4424087,0.4069884,-0.7303446
2.2643073,0.6249013,2.1446781,1.0665693,0.3510666,-0.7808068
2.4902596,0.2855915,2.0323372,1.0510015,0.1921194,-0.8489555
2.4302897,-0.2827509,1.8642735,0.4201219,0.5599617,-0.5304059
2.1580157,-0.1401189,1.8362583,0.3233331,-0.2596812,-1.1006881
1.8291725,-0.4985277,1.5454258,-0.0129744,0.2758438,-0.9519978
1.5997040,-1.2356803,1.4260061,-0.0645655,-0.3294091,-0.2989777
1.3966957,-0.8401391,1.6746321,0.0470855,-0.3596106,-0.6914732
1.6059357,0.1822612,1.8597722,-0.1246589,0.2709459,-1.0178661
1.3906323,0.2772382,1.9681385,0.1028518,0.0011812,-0.1814982
1.5393186,0.2075621,2.0813596,0.1391417,0.2663525,-0.0728965
1.9603335,0.4466113,2.0229554,0.4794750,0.6983551,-0.4319870
1.6685766,0.3069420,1.8369364,0.5906436,1.0770515,-0.0442031
1.9305191,0.2197364,1.9958550,0.6275651,1.0116559,0.2708780
1.7647146,0.1267965,1.6806450,0.1046860,0.5251058,-0.3822883
1.7327437,-0.2497274,1.7045788,-0.0230592,0.6747748,-1.0399756
1.5572562,0.6327048,1.6227915,0.1127024,0.3650256,-0.8082674
1.8557976,0.6609944,1.7836368,0.3219625,-0.2199079,-1.1528513
1.8507832,0.2447681,1.9401089,0.7125279,-0.6306978,-1.5337108
1.8064641,0.2542305,1.6614380,0.3861471,-0.1448415,-0.5000846
1.5440309,-0.1380206,1.5120332,0.2862947,-0.5285867,-0.3980941
1.4180073,0.0692118,1.8626654,0.0969752,0.4696071,-1.0887195
1.5422401,-0.4861781,1.5378003,0.0616969,0.1932265,-1.0536798
1.6054649,-0.2599904,1.3716084,-0.5081698,-0.7975265,-0.5733022
1.2884160,-0.4943894,1.7789776,-0.5628436,-0.0068465,-1.1022080
1.3490435,-0.4176962,1.8752686,-0.3098319,0.3557931,-1.1670157
0.9228135,-0.9915992,1.7663087,-0.1480275,0.1495816,-0.3355618
0.4216816,-1.0346192,1.7713342,-0.3741684,-0.2060326,-1.0455867
0.2508125,-0.7663533,1.3785744,-0.4177903,-0.7758881,-0.5576014
0.1744422,-0.5926742,1.1767002,-0.0277561,-0.9533898,0.5013480
0.1709938,-0.4881050,1.1718050,-0.1480506,-0.5045012,0.3574886
1.0716444,-0.5950953,1.1558850,-0.2583947,-0.2653381,-0.0580916
1.0409467,-1.2985972,0.9799703,0.2711942,-0.0490634,-0.0504140
1.0254370,-1.0943121,1.1373391,-0.1062052,-0.2020452,0.2396514
1.2997811,-0.7251399,1.5534611,-0.5397475,0.2422067,-0.9413819
1.2620574,-0.6345978,1.6983732,-0.2979506,0.5301805,-0.8562886
0.7639338,-0.3029256,1.3256437,-0.4889672,0.1007652,-0.2543934
0.4845143,-0.0446749,1.4486550,-0.3261245,-0.4319131,-0.5405262
0.6800191,-1.1687062,1.5305140,-0.3394802,0.1784296,-0.7359950
0.7270452,-1.3609890,1.1137871,-0.5574781,0.5264610,0.0567580
0.8639053,-1.3233167,1.2051859,-0.7571923,0.0570808,-0.3736670
1.1309938,-1.9966627,1.2493607,-0.8162007,-0.1472630,-1.2486032
0.7949141,-1.4861391,1.2451615,-0.8543711,-0.0100674,-0.6583471
0.4300592,-1.2039602,1.1152643,-0.8195315,-0.2899470,-0.3050088
0.5871192,-0.9673697,1.3659769,-0.4201326,-0.3543507,-0.8590974
1.3464389,-0.8385373,1.4359118,-0.1392573,-0.0511044,-1.0818908
1.2158084,-0.0576298,1.2210797,-0.1764057,0.3426358,-0.3663615
1.1876986,0.0771057,1.5444285,-0.6313570,-0.3384892,-0.1796896
1.0984769,-0.5490509,1.5893880,-0.6895122,-0.7348458,-0.5973327
0.6220379,-1.1549660,1.0154108,-0.3616032,-0.2430974,-0.5133891
0.3393370,-1.2380358,1.0195849,-0.7092817,-0.5523366,-0.4933514
0.7730671,-0.5948842,1.1647273,-0.7528581,-0.6741818,-1.1003344
1.2910357,0.0319140,1.0285238,-0.1363938,-0.5510092,-0.2423117
1.4925104,0.2698259,1.1546047,-0.0085806,-0.5262105,0.1306015
1.6884986,-0.3031511,1.3996217,0.1175270,-0.3874099,-0.8372937
1.8658556,-0.3059284,1.5853091,0.5014374,0.0498292,-0.5546394
2.5268919,0.4385098,1.9279565,0.7410164,0.0704400,0.1071487
2.2294257,0.1938632,2.2115209,0.6630256,0.8301430,0.0749442
1.5789198,-0.1275504,1.6859754,0.4815949,0.4627120,-0.7588224
0.5867009,-0.0994476,1.1172765,0.1662103,-0.2901712,-0.0705751
0.3535401,-0.6651530,0.8710654,-0.1668292,-0.5153625,-0.5718761
0.5946490,-0.7354777,1.1669416,-0.4043054,0.0134175,-1.6107968
0.5310566,-1.2938949,1.0285250,-0.3872494,-0.2820555,-0.9059876
1.0503516,-0.8576075,1.0479993,0.1176883,-0.2613587,-0.2434372
1.5718224,-1.4404668,1.5272497,-0.3290325,-0.2614534,-1.0526880
1.5793277,-1.2653621,1.5286546,-0.5411660,-0.4643652,-1.1660138
0.3061212,-1.0159824,1.1294010,-0.5041938,-1.0358932,-0.4169828
0.2722856,-1.0739092,0.7897967,-0.8206943,-1.6214674,-0.7365798
-0.1105087,-0.6859075,0.8993251,-0.8647844,-1.2953346,-1.2176878
-0.0942241,-1.1316971,0.6263456,-0.8014254,-1.6055059,-0.5127653
0.5285486,-1.1486131,0.8326108,-0.8611684,-0.5149472,-0.8359336
0.7647595,-1.2273785,1.1230427,-0.3611260,-0.7033832,-1.1453617
0.8583432,-1.3535347,1.0700427,-0.1640255,-0.1798001,-0.7153668
0.3520875,-1.2595023,0.8321887,-0.4614271,-0.7929603,-0.7218851
0.1508022,-0.6770591,1.1408390,-0.4051659,-1.5467789,-1.2320771
-0.2099198,-0.0413556,1.3464575,-0.2662362,-1.0389137,-1.0073563
-0.8750497,0.0952075,0.6423142,-0.3984358,-1.5116632,-0.3005810
-0.2186770,-0.5815682,0.4930795,-0.4608308,-1.4063230,-0.6986083
0.0662613,-0.7610711,0.6693618,-0.5535208,-0.8047548,-1.3524102
0.0932104,0.0053227,0.4649750,-0.3170961,-1.2241060,-0.9298427
0.3503254,-0.0153620,0.3617126,-0.4787942,-1.3089293,-1.3138471
0.6453398,0.0583204,0.7638277,-0.5884343,-1.1699314,-1.9629551
0.0229576,-0.5767213,0.6903165,-0.6597638,-1.3898911,-1.4792354
0.1220414,-0.8827379,0.4478165,-0.8634331,-1.2962996,-0.5325519
0.2900497,-0.2270212,0.6898466,-0.5720224,-1.6212877,-1.4693435
0.5518113,0.5926895,0.9909115,-0.5807237,-1.4964542,-1.4312613
0.3563633,0.2128649,1.2557153,-0.4980038,-0.9804800,-0.6315474
0.6929494,0.2157771,1.1422261,-0.7042593,-0.5605791,-1.0131235
0.6687663,0.3995607,1.3456811,-0.5675669,-0.6137354,-1.0454514
0.7883157,0.6452892,1.0871538,-0.2281716,-0.2734866,-0.1591347
1.1362193,0.2255589,1.0462670,-0.2331131,-0.0462920,-0.2763453
0.9212210,-0.0408121,1.1492610,-0.2393342,-0.5715920,-1.5318357
1.1140964,0.3838771,0.9073388,-0.1823675,-0.2508025,-0.5433024
1.1316077,0.7208593,0.8180083,0.0060774,-0.6675011,-0.3437286
1.0570322,0.9815506,1.0657636,0.0176324,-0.3958664,-0.8958038
0.8466386,1.0408698,1.0812795,-0.0696893,-0.4381318,-0.6945338
0.8696223,0.3681964,1.0231887,-0.1611864,-0.8020502,-0.0070992
0.5374780,0.5349911,0.9105095,-0.4066473,-0.7013878,-0.5159428
0.6500681,0.3406122,1.1693052,-0.4986966,-0.9933019,-1.3675767
0.8866794,-0.0654692,1.0150776,-0.7172024,-0.2132075,-1.1839523
0.4906130,-0.5779220,0.7913080,-0.9256626,-0.8971285,-1.5417266
0.1525819,-0.8919922,0.7963549,-1.0666612,-1.3468176,-2.0477760
0.0721688,-0.7815003,0.8757591,-0.9755184,-1.2181784,-1.5597501
-0.2744497,-1.1705989,0.5372798,-1.0890527,-1.0178567,-1.2516689
0.1324292,-0.8763723,0.6061504,-1.2487298,-1.7274605,-1.7056818
-0.0007942,-0.8405036,0.9020733,-1.0643431,-0.8361718,-0.9114651
-0.1517946,-1.3465105,0.7952437,-0.9960703,-0.7612968,-0.1235752
0.0868453,-1.4842516,0.6799600,-1.0899857,-1.0532057,-0.8150939
0.5728995,-0.2881037,0.7894586,-1.0465302,-1.4188865,-1.7104145
0.4175704,-0.5583377,0.7742207,-1.5652355,-1.4490688,-1.6344405
0.1479432,-1.2704325,0.3887196,-1.7573006,-2.2350008,-1.5179473
0.5278693,-0.0619313,0.3878432,-1.6197194,-2.5678647,-2.2479875
0.9744874,0.9887573,0.5545033,-1.1806120,-2.2715640,-1.8590311
0.4807262,0.2592470,0.4172493,-0.5392616,-1.9898669,-0.8236636
1.4684834,1.0462369,0.6777576,-0.3388268,-1.8148919,-1.1941552
1.3613076,1.1120163,1.1186953,-0.2167774,-1.2226629,-1.5116390
1.0313089,0.3593632,0.8685476,-0.7887531,-2.2006495,-0.9117693
1.1020948,0.4421018,0.6732720,-1.1732649,-2.5792344,-1.8716878
1.2726536,0.1950797,0.4575548,-1.3703698,-2.4918537,-2.5440805
1.4322412,0.4112257,0.3560711,-1.2851434,-1.9942306,-1.8070165
1.6827186,0.7091978,0.6858107,-0.9342764,-1.4369549,-1.2119385
1.5966909,0.4730774,0.8647435,-0.7413680,-1.3958573,-1.8355813
1.2834377,0.7577142,1.0613461,-0.7657863,-0.9357791,-1.3348944
0.9404305,0.1512285,1.1072392,-1.1064675,-1.3804573,-0.5553324
0.7511045,-0.3533491,1.1322454,-1.3003856,-1.2049459,-0.6039824
0.4568860,-0.2787080,0.6467016,-1.3097388,-1.1111633,-1.0686966
-0.1304927,-0.5807369,0.3655955,-1.8374172,-1.9252888,-1.0953476
0.6719896,-0.4765855,0.7946060,-1.6122490,-2.0267332,-1.5551932
1.2498473,-0.4315820,1.0808244,-1.3971797,-0.8775699,-1.5693395
1.2037476,-0.2694225,0.8132587,-1.2511764,-0.8843689,-1.0666655
0.9452463,0.0568578,0.9405917,-1.0499560,-0.8552898,-0.9875876
0.5318483,0.1584773,1.1681840,-1.0776188,-1.0688250,-1.2183775
0.7687986,0.1456924,0.9724038,-0.9461204,-0.6510966,-0.8358914
0.6373938,0.6265652,0.7392020,-1.0985349,-0.9673465,-0.6177722
0.4809244,0.1409596,0.6796424,-1.3421779,-1.8719581,-1.4125681
0.0365501,-0.3215487,0.5529352,-1.4129786,-1.2445831,-1.3312423
-0.0164958,-0.0855688,0.3482694,-1.5471888,-1.0300611,-1.1367183
0.3281398,-1.0317695,0.4988450,-1.3287545,-1.4455421,-1.9084270
-0.3213243,-1.5218335,0.7957549,-1.4822556,-2.0871632,-2.5714996
0.0438694,-1.0249017,0.8127055,-1.1714979,-2.0981827,-1.4076834
0.0971295,-0.4487465,0.4683597,-0.9058844,-1.4513278,-0.8286427
0.2726341,0.0121383,0.4843745,-1.1013336,-1.6054609,-1.4503107
-0.1446109,-0.0135749,0.2319896,-1.2246174,-2.0962396,-0.8625233
-0.5040032,-0.8491001,0.0533068,-1.6081715,-1.7313806,-0.4674212
-0.6034673,-1.1541359,0.2076653,-1.8319767,-2.1310911,-1.1723449
-0.7202491,-0.6032237,0.5665284,-2.0750499,-1.4070528,-1.0605263
-0.6710118,-0.5246437,0.2932274,-1.6401180,-1.5919840,-0.6943048
-0.1874749,-0.5814372,0.2538807,-1.5141796,-1.7140568,-1.1707995
-0.4005046,-1.2870690,0.2025447,-1.6927887,-2.0691929,-1.9072332
-0.2656824,-0.3678927,0.1272719,-1.3859371,-1.9509825,-1.3707639
-0.5314096,-0.3534015,0.2192762,-1.1917961,-1.3510965,-0.6255795
-0.5220298,-0.6158755,0.2670470,-1.0924860,-0.9536476,-1.1130131
-0.5425628,-0.3685873,0.0824416,-0.9612463,-0.4644760,-1.2101644
-0.1631982,-0.7424843,-0.1132843,-1.1246195,-1.1078669,-0.4317491
0.1000159,-0.6580555,0.3074505,-1.3741524,-0.7136263,-1.0616946
-0.0430906,-0.0695178,0.5133379,-1.3770181,-0.5840988,-0.9748009
-0.1482905,0.0248435,0.6054044,-1.2420269,-0.1956328,-0.8944448
-0.3188291,-0.5332009,0.3328393,-1.1466758,0.0045735,-1.0735101
-0.2744885,-0.2588255,0.2755072,-0.9189831,-0.3285479,-1.2073607
-0.6441131,-0.7097506,0.3661647,-0.7972129,0.1933222,0.0139429
-0.5756285,-1.3591573,0.4227376,-1.2395710,0.0601781,-0.5776176
-0.5995561,-1.2451837,0.4477313,-1.5674587,0.1702425,-0.8689523
-0.5447668,-1.6812823,0.4678628,-1.6927555,-0.0471214,-0.3818449
-0.2280775,-0.9393759,0.7874040,-1.3554767,-0.0624315,-0.1556187
-0.6721284,-1.0949311,1.0538990,-1.3762097,-0.2655855,-0.9993234
-0.6709054,-0.9853436,0.5728544,-1.3626437,-0.7146137,-1.1916207
-0.7734738,-0.2097517,0.2572172,-1.1767565,-0.5391103,-0.5742342
-0.5961840,-0.0407821,0.2515299,-0.9245399,-1.0417405,-1.0520087
-0.2011336,-0.3239453,0.3454103,-1.0116844,-1.3303267,-1.4067048
-0.0487073,0.5285567,0.3623838,-0.7067936,-0.9711841,-0.7996817
-0.4542247,0.6157734,0.2363973,-0.4582814,-1.3219609,-0.8635525
-0.0049465,1.3701030,0.5446530,-0.3048621,-0.8021274,-1.2550861
-0.5495210,1.0737772,0.9276153,0.1801154,-0.7735547,-0.7686313
0.1494583,1.0213498,0.8948963,0.0256670,-0.7127298,-0.2759030
0.4618246,0.6604263,0.9056298,0.0791427,-0.7614641,-1.0597581
-0.0882268,0.2513330,0.7049788,-0.4241502,-1.1168315,-1.4565717
-0.9689192,-0.3499144,0.5105064,-0.5909091,-1.2185156,-0.9870598
-0.8497452,-0.0111990,0.3161155,-1.2884376,-1.8099554,-1.3353848
-0.4550205,0.8548982,0.3103334,-1.0797729,-1.4620723,-1.6551809
-0.3972485,0.0844843,0.4213294,-0.9349896,-1.4290959,-0.7042394
-0.1105296,-0.2494362,0.6495007,-0.5813897,-1.2914642,-0.8684232
-0.4556582,-0.7456211,0.7738582,-0.9613190,-1.0908260,-1.3810451
-0.2704063,-0.6568961,0.6247748,-0.9584366,-0.5652741,-0.4602530
-0.3109770,-0.3517793,0.3264514,-0.8318269,-0.4981052,-0.4249817
-0.3313734,0.2103674,0.3173425,-0.6842082,-0.6137620,-1.1715206
0.0284736,0.2125792,0.3322923,-0.9219683,-0.1164332,-1.4040718
-0.0189369,0.1873387,0.3460844,-0.8579013,-0.5315701,-0.1191074
-0.0551686,-0.2062281,0.6377687,-0.3109941,-0.7876979,-0.5053825
-0.0416085,-0.1380791,0.6755285,-0.2335612,-0.0934135,-0.5222762
-0.4142152,0.3306632,0.4172803,-0.4242460,-0.2953834,0.3836646
-0.6757708,-0.1515694,0.1671421,-1.0348426,-0.7267156,0.0181131
-0.6653501,0.1280161,0.3732234,-1.0084617,-0.0440952,-0.5499188
-0.9701229,0.3500963,0.2009098,-0.6986091,-0.5851538,-0.4631143
-0.8770700,0.2501775,0.0831766,-0.7530345,-1.5289472,-0.2630298
-0.7779078,-0.2254524,0.3174706,-0.3718686,-1.5164284,-1.5296290
-0.5083230,-0.0471728,0.6697134,-0.3211362,-1.0469853,-1.7501237
-0.3514002,0.0261873,0.4465896,-0.4860391,-1.1281036,-0.6604550
-0.5944663,-0.1044733,0.4345591,-0.5802772,-1.5515790,-1.2067081
-1.0985283,-0.5181075,0.3855729,-0.7593356,-1.3340248,-1.8238974
-0.9687925,-0.6863853,0.1419763,-1.1108744,-0.9730061,-1.0409493
-0.6513179,-0.8127818,0.0629201,-1.1583281,-1.2693232,-1.0686145
0.0680085,0.0172993,0.3997700,-1.0164975,-0.9274911,-1.3845593
-0.5186391,0.6154475,0.3497927,-0.8362707,-0.4334709,-0.7741036
-0.2718305,0.2294321,0.3752064,-0.3952763,-0.6134108,-0.4480916
-0.1747529,-0.0967549,0.5176030,-0.5467814,-1.1171176,-0.8060266
-0.1216989,0.1245188,0.4243822,-0.5193848,-1.1537439,-1.3741022
-0.4309288,0.8891304,0.1839749,-0.5860087,-0.7575361,-0.4871885
-1.1703804,-0.2647943,0.2046310,-0.7714163,-1.3961492,-0.7761099
-0.8751438,0.2610491,0.4626474,-0.8106775,-1.1227179,-1.7708545
-0.7297616,-0.3055434,0.6757653,-0.3750636,-0.7781151,-1.3939680
-0.6180038,-0.1127247,0.5240476,-0.7463090,-0.5592175,-1.2743813
-0.6742913,0.0106179,0.4769076,-1.0124574,-1.1988343,-1.7875675
-0.9053472,0.0819144,0.3795935,-0.8506175,-1.0050330,-1.2558727
-0.6291233,0.5591554,0.1615785,-0.6645301,-0.3214881,-1.1233056
-0.6425853,-0.1039489,0.3782225,-0.7801019,-0.4578365,-2.2317054
-0.5838781,-0.1941139,0.3880167,-1.0710968,-0.6964455,-1.8355277
-0.7329678,-0.4317261,0.3981918,-1.2016295,-0.5419509,-1.2711644
-0.5990701,-0.4469705,0.7229102,-1.4596034,-0.6359160,-1.5521036
-0.6055424,-0.4187483,0.5221372,-1.3621423,-0.7196304,-1.4277409
-0.7007865,0.5071492,0.2293078,-0.9357230,-0.1177391,-0.7421879
-0.0932924,1.0673817,0.3188179,-0.5279960,-0.9503993,-0.2572926
0.1071457,0.7749360,0.3783437,-0.4209104,-0.3677805,-0.6400227
-0.2812310,0.2265528,0.4054154,-0.5088353,-0.4800410,-0.3638865
-0.4229921,0.4829009,0.1932873,-0.5758371,-1.3205301,-0.1177423
-0.8661671,0.0430948,0.1803418,-0.7720029,-0.7617227,-0.7684023
-0.8666374,-0.5396193,0.4208551,-0.6321802,-0.8771958,-0.6856567
-1.1251292,0.5939310,0.2593069,-0.6056923,-1.0339662,-0.0171224
-0.5556363,0.4591727,0.1990920,-0.9801804,-1.1788862,-0.2893210
-0.4268102,0.3948160,0.2174373,-0.4771856,-0.8436719,-0.2038226
-0.4193248,1.2905986,0.0965904,-0.5238683,-1.4856548,-0.1120557
-0.5234942,1.5510757,-0.0115375,-0.6709319,-1.2326508,-0.0639306
-0.3578789,1.2129384,-0.0579536,-0.6259547,-1.4019786,-1.3460628
-0.0110811,0.8400770,-0.2480560,-0.7441698,-1.0498974,-1.1212479
-0.0215181,0.3873267,-0.0492032,-0.6577042,-1.1941804,-1.0668931
-0.4855354,0.6799656,0.0863052,-0.7409125,-0.5405167,-1.5265633
-0.7529125,1.2748905,-0.1693214,-0.3570041,-0.2837628,-1.0135255
-0.8630571,1.2463024,-0.0041045,-0.6432449,-0.0529382,0.0284043
-0.7658241,0.0983578,0.2657255,-0.3726186,0.1410004,-0.1118829
-0.9691055,-0.1371252,0.3754000,-0.1311641,0.1056233,-0.8640568
-0.8754803,0.7436727,0.2119772,0.2470303,0.1057508,0.2945801
-0.4631106,1.0404009,0.1534469,0.2904237,-0.4992790,0.2273368
-0.2368061,1.0049276,0.3999662,0.3207734,-0.2000528,-0.4231877
-0.1991636,0.0960161,0.1841384,0.6260132,0.2723288,-0.5343164
-0.6032097,0.4826728,0.1527117,0.6258798,-0.3592387,0.2756882
-0.6745040,0.6990228,0.3771615,0.2590759,-0.6926032,0.1389445
-1.0456487,0.2115590,0.3096045,0.3893630,-0.5834885,-0.0235627
-1.6541293,0.0398265,-0.3386863,0.0484763,-0.7591097,0.0611879
-0.9563754,-0.1360961,-0.1735607,-0.2128699,-1.2920728,-0.2016210
-0.8448376,0.2225835,0.2163804,-0.1836466,-0.7516852,-0.3015290
-0.8152055,0.7360587,0.1356019,-0.0732087,-0.1181124,-0.2974055
-0.5920232,0.7779986,0.2082005,0.0392710,-0.0179303,-0.3315429
-0.1234054,0.4018103,0.4852250,-0.4918100,0.2251918,-1.0154229
-0.6272045,0.8064270,0.4730615,-0.3206441,-0.2491243,-0.6537407
-1.2378677,-0.4501505,0.1142903,-0.6405664,-0.3961842,0.0299562
-1.4780334,-0.5949709,-0.1906289,-0.9215505,-0.2222878,-1.0853693
-1.1070898,-0.0922431,-0.2314761,-0.5736011,-0.6218308,-0.6195619
-1.1302388,0.3309108,-0.1539166,-0.6683474,-0.6828942,0.2813617
-1.0859629,0.5858034,-0.3340619,-0.6686118,-0.7527497,-0.2626272
-0.2980081,0.8200705,-0.2314802,-0.8140971,-0.9481584,-1.2332217
-0.4445029,0.9580768,-0.2645994,-0.3120638,-0.6693267,-0.4412341
-0.6300422,0.9948895,-0.1155770,-0.1222602,-0.7841028,-0.2510360
-0.5462280,0.9772782,-0.0649845,-0.3814102,-0.8308663,-0.1731745
-0.8234412,0.7274763,-0.1088263,-0.4715263,-0.7463357,0.1193781
-1.1609787,1.0739214,-0.0557999,-0.3841302,-0.5169069,0.5780454
-0.7806846,1.0761377,0.3092148,-0.0943783,0.3799670,0.0765406
-0.7948313,0.7584180,0.1593965,-0.2674824,0.2333995,-0.6160870
-0.6775580,0.6195568,-0.1734904,-0.5487692,0.1382252,0.4262702
-0.6859156,0.4982690,-0.0564661,-0.3474725,-0.3958002,-0.0499045
-0.6503590,0.9128768,0.0177497,-0.2442595,-0.7629833,-0.6128370
-0.7883856,1.3562922,-0.0775513,0.2390438,-0.6730026,0.3061777
-0.4764219,1.2861686,0.1483048,0.3095093,-0.3519933,-0.2152640
-0.2595095,1.3259822,0.1825521,0.2503289,-0.3903834,-1.0905445
-0.5967980,0.7255623,-0.1393584,0.6721417,0.1340455,-0.9904050
-1.0726978,-0.3362035,-0.3803830,-0.2213420,-0.5665015,-0.3338401
-1.0442110,-0.0002833,-0.3028572,-0.4965083,-0.9006724,-1.0319417
-0.7791471,0.4131477,-0.0581487,-0.3130929,-0.9974216,-0.9645380
-1.0745274,0.3066396,-0.2840305,-0.3021599,-1.3530859,-0.3775859
-1.3884344,0.8601820,-0.4450816,-0.4645473,-1.7326356,-0.6027883
-1.1456436,0.6543942,-0.2998868,-0.4979287,-1.3673438,-0.7075117
-0.9065809,-0.1541702,-0.2310075,-0.4353343,-1.0172300,-0.3750802
-1.5225369,-0.2275576,-0.1972844,-0.2144799,-0.5786065,0.3063351
-1.7536310,-0.3456775,-0.1474756,-0.3682150,-1.0208000,-0.3719807
-1.7191069,-1.2315781,-0.2680553,-0.6320322,-1.0140209,-0.4720618
-1.3034868,-0.9000781,-0.1820872,-0.5731307,-0.1650090,0.1410112
-1.1716119,-0.9072355,-0.1256091,-0.3616597,-0.1096109,-0.9735890
-1.0739889,-0.1826277,-0.2253784,-0.9971720,-0.4591989,-0.6470994
-1.2828757,0.2994493,-0.2631915,-0.8567409,-0.3777834,0.0570119
-0.6927634,0.7298668,0.2084119,-0.6880555,-0.4178557,-0.3059562
-0.7545179,-0.0006301,0.3131263,-0.4958489,0.1235643,-0.6496625
-0.9397324,-0.7063971,0.0515866,-0.7962238,0.2621979,-0.5304512
-0.5926392,-0.6595487,-0.0277208,-0.6564298,0.0232390,-0.6176867
-0.0557667,-0.8253239,0.2300272,-0.6897129,0.5171272,-1.5378718
-0.7339032,-0.5685753,0.0399641,-0.8842576,0.4937328,-0.7356524
-1.2489531,-0.8197338,-0.1143809,-1.1641827,-0.5797349,-0.7315420
-1.0556767,-1.0457188,-0.1444850,-1.5745714,-0.4201719,-0.9071507
-0.6799445,-0.3088015,-0.0134639,-1.3617371,-0.5958948,-0.9558309
-0.6954173,-0.0234902,-0.1135198,-1.1374599,-0.0991756,-0.4344026
-0.6818405,-0.3640023,0.0133115,-0.7254826,0.4389897,-0.5217357
-0.4191623,-0.3838508,-0.1021857,-0.7557933,0.3266833,-0.6330408
-0.7520300,-0.3864882,-0.3613341,-0.5682827,-0.0037253,0.8036689
-1.1616743,0.2585998,-0.4632374,-0.1654036,-0.7780480,0.1663357
-0.8777101,0.5340324,-0.2887510,-0.2566246,-0.4911110,-0.7062167
-0.7534767,0.0258458,-0.3178507,-0.0735707,-0.1491286,-0.3705705
-1.2259972,0.2625138,-0.2494576,-0.3182857,-0.1194101,0.1420498
-0.6631839,0.6652053,-0.1613449,-0.6336262,-0.0801041,-0.7025064
-0.6373758,0.0552581,-0.0489789,-0.3121964,-0.2593856,-0.7067798
-0.7778680,-0.0697711,-0.0098899,-0.5334335,0.1353310,0.0743821
-0.3720925,0.0668012,0.0988015,-0.8225002,0.0493768,-0.1923055
-0.0142847,0.4227825,-0.0198233,-0.3783606,0.1112837,-0.6617767
0.1609545,0.8448214,-0.1947211,-0.0151758,1.0548203,0.0307889
0.0744161,1.4602523,-0.0526760,0.0099075,1.0276885,0.1249046
-0.2869548,1.0715153,0.0810956,-0.1755821,-0.4395543,-0.1055331
-0.2026531,0.4554226,-0.1987008,-0.3020735,-0.7513404,0.1662805
-0.8951402,0.0112482,-0.4368628,-0.5842187,-0.7888259,0.0661998
-0.4938222,0.3928801,-0.3145535,-0.5260395,0.1215618,-0.6255861
-0.6413823,-0.1054109,-0.4853069,-0.2854978,-0.0960838,-0.3517422
-1.1005324,-0.4461733,-0.5652769,-0.1927588,-0.3185184,0.9097221
-0.7902555,0.1762165,-0.3449657,-0.2135060,0.1916572,0.1170580
-0.7139938,0.1100289,-0.0504920,-0.3414913,-0.0415788,-0.1155134
-1.1611618,-0.4305945,-0.1237514,-0.6507236,0.7670452,0.3947961
-1.0087541,-0.7215399,-0.2105644,-0.9557518,0.3117738,0.1653742
-0.6633741,-1.1174523,0.0977151,-0.8170815,0.2997548,-0.3855225
-0.6405658,-1.3127869,0.0523384,-0.6246779,0.0710872,-0.1237338
-1.0249033,-0.7432063,-0.1629194,-0.6132976,-0.0030065,0.5933790
-1.4419786,-0.7533386,-0.0586618,-0.7092097,-0.2107275,-0.0245001
-1.2241874,-0.4443675,-0.4106027,-0.8610359,-0.3952695,-0.5577420
-0.9582814,-0.6823087,-0.5350504,-0.6757202,-0.3753684,0.2269197
-0.6757634,-0.5377368,-0.4127699,-0.5081435,-0.4858426,0.0601464
-0.9788122,-1.0016848,-0.5218613,-0.5312597,-0.4104125,-0.2885150
-1.5486157,-1.4491751,-0.5562150,-0.3847797,-0.5446575,-0.2126506
-1.0825975,-1.0909998,-0.3132653,-0.5401110,-0.2712505,-0.0834161
-0.4427097,-0.1701397,0.0341587,-0.3138931,-0.2230520,-0.5662013
-0.3115978,1.2654492,-0.0467263,0.5204684,-0.7090954,-0.3655362
-0.0423810,1.8179816,0.2204391,0.5689466,0.1075620,0.1313198
0.0219074,1.8258245,0.5094389,0.4889113,0.4839940,-0.5453556
0.1426559,0.8708184,0.4867771,0.2005824,0.4460461,-0.1496630
0.3836045,0.0604307,0.4296104,0.2277191,0.1648190,0.3715833
0.2692930,0.1038623,0.4899743,-0.1950704,1.3106185,-0.5104252
-0.1047913,-0.0263717,0.3284164,-0.6208934,0.8763989,-0.6499158
-0.0794417,-0.8137657,0.0548714,-0.3603642,0.3066949,0.2319622
-0.3802010,-0.3925166,-0.0891547,-0.1738974,0.3032667,0.2636206
-0.2443098,0.5838433,0.1857060,0.1329438,0.7202281,-0.4192768
-0.6156152,0.4297780,0.1620701,0.1763551,0.2437861,-0.0613974
-0.5793178,0.3349195,-0.2271397,0.1019693,0.0767181,0.6480018
0.0793216,0.4422095,-0.2637066,-0.2208875,0.2377398,-0.3011267
0.2652854,0.2986390,0.0100690,-0.0833065,-0.1504550,0.0146469
-0.5554772,0.0062921,0.0147608,-0.3554264,0.0065373,0.3206838
-0.4685433,0.2895867,-0.1372184,-0.3865266,0.0076215,-0.5236353
-0.0007140,0.2367881,-0.0453335,-0.2577131,-0.1371709,-1.0237412
-0.1443646,0.3084523,-0.1305699,-0.3042940,0.7537093,0.1846632
-0.2963974,0.0976393,-0.2466063,-0.6201285,0.0954265,0.1320018
-0.4865406,0.2487048,-0.1212439,-0.5194318,0.1867243,-0.4952299
-0.6753124,-0.1935888,-0.2205235,-0.6482913,-0.0998259,-0.0815668
-0.5100722,0.3120434,-0.2709789,-0.3049207,0.2227813,0.2306269
-0.0216103,0.3661273,-0.2024603,-0.4823606,0.2979734,0.0675490
0.3027745,0.2702914,-0.3396091,-0.5139386,0.1193598,0.1291121
-0.1436811,0.4643137,-0.4242997,-0.4763450,0.3641910,0.3339913
-0.3006156,0.1523152,-0.3045086,-0.6627363,-0.0743152,0.1672405
-0.5806966,-0.4464073,-0.1136731,-0.5522456,0.3347344,-0.4017658
-0.5259842,0.0628967,-0.0851611,-0.3402556,1.0942011,1.0662423
-0.3742801,0.6643983,0.0801107,0.2885617,0.4850957,0.6926870
0.0283043,0.7919344,0.2807345,0.2209479,-0.3431063,-0.0232419
0.0912449,1.0398827,0.1923445,0.0287316,-0.1607253,0.4266267
-0.2413940,1.4654018,-0.0555349,0.0990539,-0.1886407,0.8510831
-0.0253079,1.2220738,-0.2657247,-0.1364084,-0.1819956,0.1533616
0.0508940,0.9092012,-0.2285188,-0.6672912,0.1919805,-0.1756957
0.1227482,-0.0419427,-0.1908212,-0.4972609,0.4692107,0.2332742
-0.0469936,-0.3667580,-0.0539478,-0.6096043,0.6020152,-0.5264366
-0.3884051,-0.7401942,-0.0240117,-1.4255711,0.4646883,-0.9688901
-0.4036757,-0.6143900,-0.3195394,-1.3142748,0.3958627,-0.1194576
-0.6276661,-0.5529361,-0.2504070,-1.3225492,0.4294101,-0.0485288
-0.8472277,-0.5171090,-0.0483116,-1.5748801,-0.5095920,-0.6926772
-0.8211282,-0.6855011,-0.3878193,-1.4177506,0.2730500,-0.4806698
-0.6112975,-0.8072467,-0.4761292,-1.3326489,0.4819327,0.0171024
-0.3528406,-1.3570739,-0.2469698,-1.2861131,0.6505713,-0.4403713
-0.1775072,-1.2200905,-0.2048510,-0.8977361,0.6391866,-0.2316128
0.3739440,-0.0267473,-0.2625600,-0.3970093,0.2952985,0.4941510
0.2516179,0.5531944,-0.2373777,-0.1727589,-0.3012498,0.3359392
-0.1444528,0.2171651,-0.3142937,-0.4786063,-0.3881217,-0.1486396
-0.5449218,0.0580879,-0.4620331,-0.6813425,0.2182090,-0.0068037
-0.3780940,-0.6678827,-0.1888155,-0.6440051,0.2547187,-0.1006989
0.1564014,-0.3207050,-0.0604274,-0.3269588,0.6446389,-0.4654250
-0.3703888,0.3725830,-0.2694773,-0.4943646,0.0781679,-0.3165528
-0.5636315,0.2819414,-0.1528119,-0.8711606,0.1764703,0.2624275
-0.6914788,0.0061284,-0.3663693,-0.9920042,-0.0005370,-0.8562375
-0.9516735,-0.3039476,-0.5213122,-1.4384307,-0.6970736,-1.3798484
-1.3940126,-0.4073823,-0.5813431,-0.7307860,0.6291479,-0.2569695
-0.9684247,-0.5240772,-0.4597115,-0.6380414,0.4114291,-0.3182263
-0.5447447,-0.5536072,-0.2367416,-0.9042263,0.4322004,-0.5674790
-0.4334105,0.1353587,-0.2272862,-0.7071009,0.7101323,-0.1208145
-0.1409535,-0.0012744,-0.2509824,-0.6222543,0.3868762,0.1296882
-0.2721866,0.3246225,-0.1991238,-0.6716920,-0.3090205,-0.6112231
-0.0243984,1.2089280,-0.3585417,-0.5706441,-0.0041449,-0.4173492
0.0496272,1.0413033,-0.2365065,-0.5183845,-0.0958576,0.9490889
-0.0686030,0.2306629,-0.0487473,-0.3472247,0.0806045,0.4487657
-0.2783776,-0.4638855,-0.1803681,-0.9492586,0.2527671,-0.2232457
-0.5166394,-0.6562393,-0.5934699,-1.1656506,0.1985749,0.5456331
-0.1783495,-0.6935256,-0.5893732,-0.8217292,-0.2910623,0.3782773
-0.3477855,-0.2779397,-0.3987662,-0.7286111,-0.2318409,0.1845803
-0.8164361,-0.2099265,-0.5624571,-0.7002131,0.0924984,-0.1063844
-0.4924356,-0.3924564,-0.3742557,-0.8258817,0.4440627,-0.7826546
-0.0579976,-0.7054071,-0.1966167,-1.4141026,0.3296150,-1.1887939
-0.1048358,-1.0826967,-0.3644440,-1.2573639,-0.0830672,-1.1626039
-0.1140381,-0.7549196,-0.3223046,-1.2689786,-0.1537022,-0.6595324
0.0653861,-0.4437456,-0.1312837,-1.0940859,0.9367527,-0.5735710
0.4607821,-1.2140493,-0.3082293,-0.5810790,1.0717036,-0.8651311
0.6157162,-0.7316961,-0.5009090,-0.5008307,0.9421223,-0.3104087
0.1975856,-0.5181330,-0.4696192,-0.2768981,0.3250679,-0.1029311
-0.3106344,-0.2123917,-0.5283500,-0.3330377,-0.1218145,-0.2920496
