# F3,F4,T3,T4,C1,C2
-96.333,-171.005,-350.560,-90.253,-77.522,-121.033
-95.953,-173.095,-352.650,-89.493,-74.482,-121.033
-96.903,-171.005,-354.170,-85.882,-75.432,-114.953
-97.473,-170.435,-356.070,-83.412,-79.042,-112.673
-97.283,-167.775,-355.310,-84.742,-78.282,-110.013
-95.003,-166.445,-356.450,-81.892,-77.142,-105.643
-97.283,-168.535,-356.450,-80.182,-73.912,-105.643
-94.243,-165.875,-352.460,-81.132,-75.622,-108.683
-95.003,-166.255,-351.130,-82.652,-77.142,-111.533
-97.473,-168.535,-360.250,-85.502,-76.762,-115.713
-98.613,-171.955,-364.240,-89.113,-77.142,-110.203
-98.613,-171.005,-359.300,-88.923,-76.762,-108.493
-96.523,-172.145,-354.930,-88.542,-73.722,-116.663
-94.623,-171.575,-355.880,-87.402,-73.532,-114.953
-96.523,-167.585,-361.580,-85.692,-75.052,-110.963
-96.903,-169.865,-363.100,-85.882,-78.472,-111.153
-97.473,-169.295,-363.100,-81.702,-81.512,-117.803
-97.853,-167.205,-361.200,-86.642,-79.042,-114.763
-99.183,-170.435,-359.490,-89.683,-77.142,-109.823
-103.363,-169.865,-357.780,-95.003,-75.052,-112.103
-100.893,-168.345,-358.540,-92.723,-79.232,-114.953
-98.993,-169.865,-361.580,-88.162,-79.042,-114.383
-97.283,-170.625,-368.800,-86.642,-76.572,-107.923
-96.523,-173.855,-367.090,-90.443,-75.622,-109.823
-99.943,-174.045,-361.580,-88.732,-75.432,-119.133
-101.463,-173.285,-365.760,-92.343,-77.712,-124.453
-103.363,-171.385,-370.320,-94.623,-82.652,-117.993
-104.503,-173.285,-374.121,-98.803,-84.932,-115.903
-102.413,-175.755,-370.700,-99.563,-85.502,-118.753
-101.273,-172.905,-364.430,-97.473,-87.212,-120.463
-105.073,-175.375,-363.670,-96.523,-83.792,-119.703
-107.733,-174.805,-365.760,-94.433,-82.842,-113.813
-106.213,-173.475,-365.760,-94.243,-83.982,-118.563
-102.983,-172.335,-366.710,-94.623,-84.172,-121.413
-101.843,-172.905,-370.890,-94.243,-87.592,-122.173
-100.703,-174.615,-373.931,-98.803,-88.352,-122.553
-102.413,-171.005,-373.931,-100.893,-89.683,-125.784
-103.173,-171.765,-376.781,-98.613,-89.113,-125.214
-103.553,-177.845,-374.691,-97.093,-88.352,-125.784
-104.503,-179.935,-372.980,-97.663,-87.212,-120.653
-103.553,-177.085,-372.600,-96.333,-85.502,-119.703
-102.413,-176.325,-367.090,-93.863,-83.032,-123.693
-98.803,-173.855,-359.110,-87.592,-81.132,-120.463
-100.703,-170.245,-355.310,-88.732,-82.652,-118.943
-111.913,-173.665,-364.240,-90.823,-88.732,-120.463
-114.953,-172.525,-377.921,-91.013,-87.782,-123.313
-96.903,-170.815,-371.080,-91.393,-82.272,-124.644
-88.162,-168.345,-365.000,-91.013,-81.132,-120.843
-86.452,-171.385,-362.340,-95.573,-81.132,-117.993
-93.103,-174.235,-364.050,-97.473,-81.512,-122.933
-89.303,-173.475,-362.720,-95.573,-77.712,-124.834
-83.792,-172.145,-360.820,-92.913,-78.662,-120.653
-90.253,-173.855,-359.300,-92.533,-75.622,-119.133
-88.352,-175.945,-353.410,-95.953,-77.332,-124.073
-89.493,-176.135,-349.800,-99.183,-78.282,-127.114
-91.013,-175.755,-356.830,-101.273,-78.852,-121.603
-95.383,-177.655,-362.340,-102.983,-82.652,-119.323
-96.143,-177.275,-360.630,-98.043,-84.552,-122.933
-89.873,-175.185,-360.440,-94.433,-83.792,-126.544
-90.443,-173.095,-360.630,-99.183,-85.882,-123.313
-91.773,-175.755,-362.530,-98.993,-86.452,-119.893
-92.343,-179.175,-363.100,-102.413,-89.303,-121.413
-92.913,-176.135,-357.970,-102.413,-86.072,-126.924
-95.953,-178.985,-357.020,-101.653,-83.412,-126.164
-95.953,-178.985,-361.580,-98.233,-84.362,-119.133
-97.283,-179.745,-363.100,-100.513,-87.402,-120.843
-94.813,-176.135,-361.580,-100.513,-89.303,-126.354
-94.813,-171.385,-358.160,-98.423,-84.932,-124.644
-93.293,-173.475,-357.210,-98.613,-82.082,-121.223
-91.963,-175.375,-354.740,-96.333,-82.652,-121.983
-89.113,-176.705,-352.460,-98.613,-81.512,-124.644
-88.542,-176.325,-352.650,-92.723,-79.992,-123.313
-92.343,-174.615,-354.930,-95.003,-78.092,-123.313
-96.523,-170.815,-354.170,-94.433,-76.952,-121.413
-95.383,-170.435,-349.040,-87.022,-79.232,-123.883
-93.293,-171.575,-347.900,-83.412,-77.902,-123.123
-93.673,-171.765,-347.520,-85.692,-79.802,-116.283
-91.963,-168.535,-349.990,-93.293,-76.762,-113.243
-89.873,-166.635,-353.030,-93.293,-77.142,-114.003
-94.053,-171.195,-354.360,-94.053,-78.282,-114.953
-90.823,-168.915,-354.740,-91.773,-78.092,-109.823
-92.723,-166.635,-350.940,-91.583,-79.612,-110.393
-94.053,-168.915,-348.470,-94.623,-78.472,-114.003
-96.333,-170.625,-354.170,-97.093,-76.002,-120.653
-101.273,-172.905,-356.260,-101.463,-75.052,-119.703
-102.033,-173.095,-359.680,-100.893,-74.292,-112.673
-98.803,-174.425,-359.110,-102.033,-77.142,-114.763
-100.893,-177.085,-356.260,-104.123,-79.232,-122.743
-102.603,-177.275,-360.060,-105.643,-81.702,-124.453
-104.883,-178.225,-365.000,-106.023,-85.882,-121.033
-107.543,-182.975,-366.900,-106.973,-88.162,-119.893
-108.873,-186.395,-367.470,-107.353,-89.303,-122.553
-114.193,-184.495,-364.810,-110.013,-89.113,-126.734
-116.853,-183.925,-368.610,-110.013,-87.212,-123.883
-115.713,-181.645,-367.090,-108.873,-90.253,-125.594
-108.303,-184.685,-359.110,-107.733,-92.343,-135.854
-105.833,-184.305,-358.920,-103.743,-90.443,-137.184
-106.783,-182.975,-361.960,-102.413,-89.303,-127.874
-108.683,-178.795,-356.830,-102.793,-86.642,-127.874
-108.873,-176.895,-351.700,-101.463,-85.882,-129.014
-106.783,-177.845,-353.790,-99.563,-84.932,-127.494
-105.453,-180.695,-353.600,-100.133,-80.752,-123.883
-108.303,-181.455,-354.550,-100.513,-80.942,-122.173
-103.553,-179.745,-350.750,-102.033,-83.982,-121.413
-98.423,-179.365,-346.760,-98.993,-84.932,-122.743
-99.373,-176.515,-350.750,-94.813,-81.892,-118.183
-100.893,-174.615,-349.420,-96.333,-79.992,-114.763
-103.553,-174.425,-343.340,-96.523,-78.472,-114.193
-99.183,-169.865,-341.440,-93.483,-80.562,-119.323
-97.853,-168.915,-340.110,-90.823,-82.272,-118.373
-98.043,-168.535,-340.300,-91.963,-78.282,-111.913
-99.183,-171.955,-339.160,-90.063,-76.572,-114.193
-96.143,-172.145,-333.649,-88.542,-76.572,-121.223
-97.853,-176.325,-331.369,-90.063,-73.152,-120.843
-104.123,-181.265,-333.459,-94.813,-72.772,-114.003
-103.363,-174.615,-334.599,-90.443,-76.952,-117.803
-98.233,-168.535,-338.780,-84.742,-79.232,-121.983
-96.903,-169.485,-340.490,-87.972,-80.942,-119.893
-98.613,-170.055,-342.200,-87.402,-80.372,-117.613
-104.123,-174.235,-341.060,-84.552,-82.082,-118.943
-108.683,-175.755,-338.780,-87.592,-83.222,-125.024
-111.723,-172.715,-336.309,-88.542,-83.602,-123.693
-111.343,-173.665,-339.920,-90.823,-82.652,-122.743
-110.583,-170.055,-343.150,-90.443,-81.322,-119.893
-110.393,-171.005,-339.160,-91.013,-86.452,-125.024
-107.353,-171.005,-337.069,-91.203,-83.412,-126.924
-110.393,-171.955,-333.839,-90.633,-82.842,-119.133
-112.673,-168.155,-331.179,-89.493,-79.802,-112.673
-111.343,-171.195,-334.409,-89.303,-79.612,-116.663
-109.063,-167.775,-334.789,-91.013,-85.692,-121.223
-114.953,-167.205,-337.259,-88.732,-86.262,-117.043
-111.723,-163.595,-337.259,-91.393,-85.312,-114.383
-109.253,-163.785,-338.020,-92.913,-86.452,-117.613
-108.113,-162.075,-339.920,-91.583,-87.592,-124.263
-114.193,-164.735,-341.440,-90.253,-88.162,-119.133
-114.383,-166.825,-341.060,-91.203,-84.742,-115.333
-112.103,-169.105,-336.689,-88.162,-85.122,-120.083
-110.013,-169.105,-333.649,-85.692,-87.592,-121.793
-111.913,-170.245,-334.599,-86.642,-87.782,-122.933
-115.713,-172.335,-341.820,-90.253,-88.352,-119.133
-114.953,-172.715,-343.910,-89.873,-87.782,-119.323
-111.153,-169.675,-342.960,-88.732,-87.782,-123.883
-108.683,-168.915,-340.300,-88.923,-88.732,-124.453
-102.223,-164.355,-338.780,-87.402,-87.592,-120.843
-104.883,-165.305,-337.069,-87.782,-86.642,-121.983
-106.973,-167.015,-332.699,-85.502,-87.972,-121.793
-108.493,-165.875,-333.649,-85.502,-89.303,-120.653
-110.963,-167.205,-338.020,-85.312,-88.923,-118.753
-117.233,-168.535,-337.259,-85.882,-88.923,-118.373
-118.373,-170.815,-338.970,-89.873,-93.483,-121.413
-114.003,-171.195,-336.879,-89.493,-92.723,-127.494
-111.343,-171.195,-334.029,-89.683,-91.773,-124.453
-115.143,-169.675,-327.189,-89.303,-91.013,-123.503
-114.573,-171.195,-327.189,-89.113,-88.542,-125.404
-115.523,-173.475,-332.889,-86.832,-89.493,-124.263
-118.563,-174.805,-339.730,-92.153,-89.303,-122.173
-121.033,-177.655,-343.910,-95.193,-90.633,-117.993
-120.273,-174.425,-344.100,-96.143,-93.103,-122.363
-120.273,-180.885,-341.060,-94.623,-94.243,-126.354
-118.183,-182.215,-338.210,-94.623,-88.542,-125.404
-115.143,-176.705,-342.010,-95.953,-86.832,-117.423
-112.293,-175.565,-339.920,-92.913,-91.013,-120.843
-110.583,-173.855,-336.119,-93.103,-87.972,-123.313
-110.013,-172.525,-334.599,-90.633,-87.972,-122.173
-110.013,-168.155,-333.839,-90.063,-87.212,-114.763
-109.253,-169.105,-330.609,-90.063,-85.312,-111.913
-107.353,-169.295,-328.899,-89.303,-86.452,-122.743
-110.583,-171.005,-329.659,-89.303,-88.352,-128.634
-107.163,-170.435,-333.079,-88.923,-91.583,-122.743
-105.833,-169.865,-333.839,-89.493,-92.533,-121.413
-107.733,-169.865,-332.319,-90.443,-91.583,-126.354
-105.263,-164.545,-332.509,-85.122,-86.452,-124.453
-107.163,-163.025,-332.889,-86.832,-86.452,-121.033
-110.963,-166.635,-331.939,-88.162,-88.732,-121.033
-106.023,-166.825,-334.409,-89.493,-87.782,-121.603
-110.583,-170.245,-332.889,-92.533,-87.022,-121.223
-113.433,-173.855,-335.549,-95.193,-87.022,-119.323
-118.183,-174.425,-339.920,-96.903,-86.262,-120.843
-114.383,-173.665,-337.829,-96.713,-83.982,-125.404
-104.313,-169.675,-332.319,-94.053,-83.602,-129.204
-103.173,-171.955,-333.839,-93.863,-87.402,-125.214
-99.943,-172.905,-334.599,-100.893,-90.443,-123.123
-90.253,-173.665,-325.479,-98.233,-87.212,-126.734
-92.533,-176.705,-319.589,-100.133,-87.782,-132.434
-91.393,-172.335,-321.869,-102.223,-83.792,-130.154
-89.113,-174.235,-321.299,-103.743,-82.462,-126.164
-89.493,-174.805,-317.499,-106.783,-83.412,-124.453
-89.113,-177.845,-317.689,-108.303,-81.132,-130.154
-92.723,-178.985,-319.399,-107.733,-78.282,-128.634
-92.343,-180.125,-322.439,-103.173,-81.132,-127.114
-92.533,-181.455,-324.529,-100.703,-81.892,-125.024
-94.813,-177.465,-318.639,-97.473,-79.802,-132.054
-93.863,-170.435,-321.109,-96.713,-81.322,-130.154
-91.203,-167.965,-324.149,-92.343,-82.462,-125.024
-83.792,-171.385,-318.639,-94.813,-81.322,-126.924
-83.982,-170.435,-314.839,-96.143,-82.272,-129.204
-86.832,-170.435,-311.609,-98.613,-84.172,-130.344
-85.502,-172.145,-313.319,-102.033,-83.222,-122.173
-86.262,-171.195,-317.119,-103.933,-81.132,-122.173
-88.352,-173.665,-315.219,-101.463,-84.552,-124.644
-87.592,-172.905,-316.169,-101.843,-81.322,-125.214
-91.583,-175.375,-321.299,-103.173,-82.462,-119.703
-93.293,-177.275,-324.909,-101.463,-81.892,-117.993
-91.393,-177.655,-323.769,-102.603,-81.132,-125.594
-91.393,-176.895,-323.769,-105.643,-80.182,-128.824
-91.773,-176.895,-324.529,-103.933,-76.762,-123.693
-86.642,-177.085,-323.009,-99.183,-80.372,-118.563
-83.602,-176.135,-321.869,-93.863,-80.942,-120.653
-87.972,-175.755,-319.779,-95.383,-78.472,-124.644
-94.433,-182.785,-319.779,-100.893,-76.762,-122.553
-97.093,-187.725,-320.539,-104.313,-81.512,-119.133
-100.133,-182.975,-322.249,-104.883,-84.932,-118.753
-94.813,-183.355,-321.679,-103.743,-86.072,-124.834
-97.473,-183.925,-326.999,-105.073,-85.882,-125.974
-97.853,-180.125,-325.859,-102.033,-84.552,-123.313
-99.563,-182.215,-325.669,-105.833,-86.452,-127.494
-100.323,-183.735,-324.149,-108.683,-86.452,-133.574
-102.033,-181.075,-323.579,-105.453,-83.222,-130.724
-98.423,-180.885,-322.819,-103.363,-81.892,-121.793
-92.533,-182.785,-319.779,-101.463,-79.992,-123.883
-96.333,-183.545,-318.829,-103.553,-80.182,-130.914
-96.523,-182.785,-323.199,-106.973,-81.702,-131.294
-96.523,-181.835,-324.719,-111.723,-84.172,-126.544
-96.713,-184.495,-324.149,-111.913,-88.352,-124.453
-98.043,-188.485,-322.819,-111.343,-89.493,-128.064
-96.713,-183.545,-323.769,-111.723,-87.402,-124.453
-99.373,-183.545,-322.059,-105.453,-85.692,-120.653
-102.033,-182.215,-323.199,-104.693,-83.792,-120.273
-101.463,-182.405,-321.489,-108.113,-83.222,-128.824
-94.053,-181.075,-319.019,-106.403,-82.842,-132.054
-87.022,-177.845,-318.829,-105.833,-81.512,-122.553
-91.013,-173.285,-318.829,-105.643,-82.652,-120.463
-93.103,-173.095,-317.499,-102.033,-83.792,-126.734
-90.633,-173.285,-311.609,-99.753,-84.932,-129.204
-87.402,-170.815,-310.279,-102.793,-85.502,-125.024
-90.823,-178.225,-312.179,-105.263,-84.172,-121.413
-91.393,-181.075,-306.099,-105.833,-83.792,-128.444
-90.633,-179.935,-305.149,-107.163,-86.642,-132.054
-89.873,-180.315,-307.049,-107.543,-83.982,-127.494
-92.913,-183.545,-308.759,-107.163,-83.412,-123.503
-94.053,-187.155,-313.319,-107.543,-83.032,-127.684
-87.022,-181.075,-310.659,-105.833,-82.842,-131.484
-83.602,-180.885,-308.379,-104.503,-81.512,-133.194
-87.972,-183.545,-312.179,-109.823,-82.842,-127.874
-84.362,-180.315,-309.139,-109.633,-84.362,-130.724
-84.932,-179.175,-305.339,-106.023,-82.652,-133.954
-82.842,-178.415,-301.348,-105.643,-81.132,-138.134
-85.692,-174.235,-303.439,-101.463,-83.602,-127.874
-85.312,-171.385,-305.529,-105.073,-85.122,-125.784
-90.443,-175.755,-307.809,-107.353,-83.032,-127.114
-85.122,-178.985,-309.139,-108.303,-79.802,-127.494
-85.502,-177.845,-311.039,-111.153,-81.512,-128.444
-82.082,-176.895,-309.329,-108.303,-83.412,-127.874
-76.762,-170.815,-307.809,-100.133,-84.362,-128.634
-74.292,-166.445,-307.619,-97.473,-84.552,-126.544
-74.862,-163.405,-303.439,-93.483,-84.932,-125.024
-81.702,-164.925,-310.659,-95.383,-89.683,-128.444
-82.272,-164.735,-315.599,-96.333,-93.483,-133.004
-82.082,-166.445,-310.849,-98.993,-91.393,-135.094
-79.992,-168.535,-312.369,-103.173,-88.352,-131.864
-81.322,-171.385,-312.559,-100.323,-88.542,-125.974
-77.902,-174.235,-309.709,-100.323,-88.542,-130.534
-76.952,-172.145,-312.939,-102.603,-87.782,-133.954
-77.332,-170.245,-310.659,-102.413,-86.072,-132.054
-78.852,-164.545,-305.529,-99.563,-86.452,-123.693
-81.702,-161.315,-309.709,-94.243,-85.312,-125.784
-82.652,-166.445,-312.179,-93.483,-83.602,-131.674
-84.932,-167.205,-310.659,-94.433,-80.562,-130.344
-82.082,-163.785,-307.049,-93.673,-80.942,-121.793
-83.982,-164.925,-307.049,-93.293,-85.502,-123.503
-85.692,-165.115,-306.289,-92.533,-83.032,-128.634
-84.362,-167.965,-307.999,-93.863,-83.982,-125.404
-83.602,-164.545,-309.519,-97.473,-87.212,-117.993
-88.923,-165.875,-309.519,-98.233,-88.352,-115.333
-87.592,-167.395,-313.129,-100.703,-86.072,-121.603
-88.162,-171.765,-314.459,-102.223,-86.642,-128.064
-91.203,-171.765,-315.979,-101.273,-88.732,-124.453
-92.723,-170.245,-309.139,-105.263,-88.162,-124.644
-94.813,-172.905,-304.199,-104.123,-86.072,-129.774
-92.723,-173.665,-303.629,-104.123,-90.253,-131.294
-92.913,-170.625,-307.239,-100.133,-88.542,-126.354
-93.483,-170.055,-311.609,-97.473,-87.212,-123.693
-94.433,-169.105,-308.569,-96.523,-87.782,-125.214
-94.243,-164.925,-307.619,-89.873,-84.552,-128.254
-94.053,-168.535,-309.709,-87.022,-84.552,-121.413
-94.243,-174.805,-314.269,-91.203,-85.502,-117.043
-97.663,-176.325,-309.519,-94.433,-88.162,-124.453
-99.373,-173.855,-305.149,-98.233,-87.782,-131.484
-99.563,-174.615,-306.289,-96.143,-88.162,-129.204
-99.183,-168.915,-307.809,-91.773,-87.972,-124.263
-98.233,-169.105,-307.239,-86.642,-86.642,-123.123
-92.723,-168.915,-304.199,-84.742,-86.452,-126.354
-89.683,-164.735,-301.158,-80.182,-85.122,-126.354
-94.813,-159.034,-300.398,-79.802,-83.792,-123.693
-96.143,-159.984,-302.108,-84.932,-85.692,-127.494
-95.763,-164.165,-296.028,-90.253,-87.022,-128.444
-93.863,-166.445,-290.518,-89.303,-85.692,-125.784
-94.243,-166.065,-294.888,-90.253,-83.792,-120.653
-97.473,-170.055,-294.698,-88.923,-87.592,-121.603
-96.523,-172.905,-294.888,-93.673,-89.113,-128.634
-94.623,-172.335,-298.878,-95.003,-88.732,-128.824
-93.293,-167.775,-302.108,-92.343,-90.253,-123.883
-93.483,-168.725,-301.918,-92.343,-89.683,-120.653
-93.293,-172.145,-297.358,-92.533,-87.402,-124.453
-94.433,-172.715,-297.358,-95.383,-87.592,-129.014
-95.193,-172.715,-296.978,-98.423,-83.222,-122.173
-99.373,-172.905,-299.448,-97.663,-81.892,-116.283
-105.263,-171.005,-300.968,-99.563,-85.312,-119.893
-107.163,-171.005,-299.638,-98.613,-83.792,-124.834
-104.313,-173.095,-301.538,-98.993,-84.362,-123.313
-106.213,-171.955,-307.999,-96.523,-87.022,-117.233
-106.593,-168.535,-306.099,-97.663,-86.452,-125.784
-98.993,-168.915,-300.208,-97.283,-88.732,-128.254
-101.273,-171.955,-303.819,-95.573,-87.782,-125.404
-104.313,-177.085,-309.139,-98.803,-87.592,-120.843
-106.213,-178.415,-304.959,-98.613,-89.493,-121.603
-106.783,-178.605,-305.529,-102.983,-92.153,-126.734
-107.543,-180.885,-308.949,-105.073,-91.773,-127.684
-109.633,-180.315,-316.739,-107.353,-87.592,-123.313
-107.163,-177.465,-314.269,-109.443,-88.162,-123.313
-106.213,-178.985,-305.529,-111.153,-88.352,-125.974
-107.733,-175.565,-300.208,-106.973,-85.122,-127.684
-105.263,-174.995,-306.669,-102.793,-88.352,-121.793
-97.283,-174.995,-307.999,-99.183,-86.452,-120.273
-98.993,-176.895,-300.968,-97.853,-86.452,-123.503
-104.693,-175.755,-299.828,-98.993,-87.592,-125.214
-106.783,-175.945,-296.978,-102.793,-84.742,-121.413
-106.213,-180.505,-302.868,-105.643,-86.072,-121.603
-102.603,-179.555,-304.199,-105.833,-89.303,-124.834
-102.033,-180.885,-303.059,-105.453,-88.923,-128.254
-106.783,-182.785,-306.289,-109.063,-91.013,-125.974
-110.203,-181.265,-303.439,-105.643,-90.823,-124.453
-107.733,-179.365,-300.588,-104.123,-89.873,-125.404
-109.253,-180.315,-302.108,-104.503,-88.542,-131.104
-111.153,-182.215,-306.289,-106.973,-88.162,-128.634
-110.963,-186.585,-308.569,-105.833,-89.873,-124.073
-113.433,-192.665,-306.289,-109.443,-92.913,-128.254
-115.713,-192.285,-307.239,-109.823,-95.763,-136.044
-115.903,-183.925,-307.239,-108.683,-92.913,-132.054
-117.423,-185.635,-305.339,-107.163,-93.103,-124.834
-115.713,-182.785,-303.439,-107.733,-91.583,-124.263
-112.673,-182.785,-299.638,-109.823,-88.923,-126.354
-114.573,-183.165,-300.588,-110.393,-88.352,-126.354
-119.703,-183.545,-303.629,-110.583,-91.773,-118.943
-116.853,-180.125,-307.999,-109.443,-94.243,-117.423
-117.043,-184.115,-312.179,-105.643,-94.433,-124.453
-115.903,-181.265,-311.229,-105.833,-91.963,-125.974
-111.913,-179.555,-307.049,-105.073,-89.873,-120.273
-112.863,-180.505,-301.728,-105.263,-91.963,-120.843
-112.863,-183.545,-300.778,-106.783,-93.673,-123.123
-115.523,-182.975,-302.868,-107.163,-91.773,-122.363
-117.613,-185.065,-304.959,-108.683,-88.162,-119.513
-114.763,-182.405,-307.999,-108.873,-88.732,-120.843
-112.673,-183.355,-308.759,-110.013,-92.533,-125.404
-115.903,-184.495,-312.179,-113.433,-91.203,-130.534
-118.373,-185.065,-309.329,-113.053,-91.203,-127.304
-113.433,-182.215,-311.989,-110.203,-91.963,-125.024
-112.293,-186.585,-311.989,-106.973,-91.963,-130.724
-109.443,-185.065,-306.669,-108.873,-92.533,-133.194
-106.973,-179.555,-297.548,-107.923,-90.633,-131.864
-105.453,-180.315,-299.068,-105.073,-86.832,-130.534
-109.443,-181.835,-300.968,-107.163,-89.683,-127.304
-110.393,-181.075,-297.358,-112.673,-89.493,-134.904
-109.253,-172.335,-293.558,-109.443,-87.592,-130.724
-110.963,-174.995,-297.168,-108.303,-87.402,-125.404
-115.903,-181.835,-298.688,-106.023,-85.122,-126.544
-111.533,-177.085,-293.368,-104.883,-89.303,-127.874
-110.203,-176.325,-291.848,-103.743,-87.212,-122.363
-109.063,-176.135,-292.038,-99.563,-86.452,-119.513
-108.873,-179.935,-295.458,-101.463,-83.222,-118.183
-107.543,-183.925,-294.318,-101.083,-86.452,-121.793
-108.493,-185.065,-291.658,-98.803,-84.552,-125.404
-109.443,-185.255,-290.328,-101.653,-83.982,-121.033
-110.583,-185.065,-291.278,-101.083,-82.082,-116.853
-109.823,-185.445,-293.368,-103.743,-80.372,-120.653
-111.153,-186.015,-295.078,-105.643,-79.612,-124.453
-110.963,-187.155,-296.598,-103.933,-82.842,-120.843
-109.063,-183.545,-295.648,-104.883,-83.792,-121.793
-104.883,-184.875,-293.558,-104.693,-86.832,-128.254
-106.213,-182.595,-296.028,-104.123,-91.013,-130.344
-108.683,-179.365,-300.588,-105.073,-93.103,-123.123
-108.493,-175.945,-303.629,-106.593,-91.963,-120.083
-108.493,-178.035,-299.068,-106.403,-87.402,-121.983
-108.873,-179.555,-296.218,-105.263,-83.792,-131.104
-109.823,-181.645,-290.328,-104.693,-81.892,-131.674
-110.393,-182.025,-291.278,-102.983,-83.412,-127.684
-110.203,-175.565,-291.658,-102.603,-85.312,-128.444
-110.203,-172.905,-294.128,-100.513,-83.222,-129.584
-111.913,-176.135,-296.598,-100.513,-85.122,-128.444
-114.763,-171.385,-296.408,-96.333,-87.212,-119.513
-111.343,-174.805,-295.268,-93.863,-86.262,-120.653
-106.783,-177.275,-291.848,-98.423,-84.742,-125.974
-103.933,-179.555,-291.088,-100.323,-86.832,-125.594
-102.983,-181.075,-289.378,-101.653,-79.992,-122.363
-105.833,-181.265,-290.138,-99.943,-79.612,-121.413
-107.163,-178.035,-285.768,-103.173,-84.552,-125.214
-107.543,-180.315,-285.008,-102.223,-85.312,-123.313
-113.623,-178.415,-285.958,-104.503,-80.942,-122.363
-110.963,-181.075,-290.138,-106.593,-83.602,-122.743
-109.253,-183.735,-292.038,-102.033,-82.082,-124.834
-108.493,-181.075,-293.178,-102.413,-85.502,-126.924
-111.533,-181.265,-300.778,-99.563,-87.592,-120.653
-115.713,-180.695,-299.068,-99.943,-86.832,-118.373
-114.573,-180.505,-295.838,-102.033,-88.542,-122.173
-109.633,-186.965,-292.038,-110.013,-88.542,-125.594
-106.403,-184.685,-292.988,-108.113,-87.212,-119.513
-107.163,-180.125,-292.988,-102.983,-84.172,-120.463
-111.153,-180.695,-291.468,-107.163,-84.932,-126.734
-112.863,-181.455,-291.468,-107.733,-83.412,-129.204
-113.053,-180.315,-291.278,-105.833,-86.832,-121.033
-119.323,-179.555,-298.118,-103.553,-86.452,-117.613
-111.533,-179.175,-296.978,-101.463,-84.362,-118.373
-110.393,-180.695,-291.658,-102.413,-83.982,-122.933
-107.353,-178.225,-287.668,-106.213,-83.602,-121.033
-109.253,-178.415,-286.718,-102.793,-82.272,-114.763
-107.543,-178.225,-288.238,-98.233,-79.232,-113.813
-109.823,-179.935,-285.578,-98.043,-80.752,-114.573
-111.343,-186.015,-285.388,-102.223,-82.842,-119.133
-116.853,-185.825,-291.848,-105.833,-87.212,-116.663
-118.183,-187.725,-291.658,-106.593,-89.113,-115.333
-111.913,-186.395,-289.568,-105.073,-90.063,-121.793
-114.193,-184.495,-287.288,-108.683,-90.253,-124.834
-116.663,-185.445,-286.338,-108.493,-88.162,-122.933
-114.193,-179.745,-286.908,-109.633,-91.013,-123.123
-114.763,-179.935,-289.948,-113.813,-94.813,-132.054
-114.953,-180.315,-290.138,-113.623,-93.483,-132.244
-115.143,-184.685,-294.888,-114.193,-93.483,-123.883
-115.523,-185.825,-295.838,-115.143,-89.873,-122.363
-112.293,-185.445,-289.188,-114.763,-88.162,-124.834
-111.723,-188.675,-284.628,-112.483,-87.212,-124.644
-116.093,-190.385,-285.008,-113.243,-86.262,-122.173
-117.043,-190.385,-283.488,-111.913,-84.742,-122.173
-116.663,-189.815,-281.018,-116.853,-82.652,-127.684
-114.193,-186.585,-278.928,-111.723,-86.262,-134.524
-111.533,-179.935,-283.488,-103.173,-90.253,-130.914
-111.913,-178.225,-289.948,-101.463,-89.113,-120.653
-111.723,-176.895,-290.518,-100.513,-85.692,-120.083
-104.883,-177.465,-281.968,-92.533,-83.792,-123.693
-102.603,-175.945,-275.508,-92.723,-83.412,-123.123
-103.933,-177.655,-278.548,-91.583,-85.502,-117.993
-101.083,-180.505,-281.018,-96.143,-85.882,-116.093
-102.413,-182.975,-279.118,-100.703,-86.072,-124.644
-106.213,-182.215,-279.308,-98.043,-87.022,-123.693
-107.923,-179.365,-280.828,-98.233,-85.692,-117.803
-109.253,-181.075,-277.408,-98.613,-83.412,-119.513
-104.313,-179.555,-271.138,-98.423,-86.832,-125.594
-105.453,-180.695,-267.718,-96.333,-86.072,-125.974
-108.873,-182.405,-272.278,-97.473,-83.982,-119.893
-107.163,-183.735,-277.408,-96.713,-84.172,-122.553
-105.453,-181.075,-278.928,-98.233,-84.932,-122.933
-103.363,-185.255,-276.078,-101.653,-87.022,-123.883
-108.113,-185.825,-277.788,-103.363,-88.352,-126.164
-112.103,-184.305,-277.978,-103.553,-89.493,-126.164
-113.813,-187.535,-272.848,-105.643,-84.742,-127.114
-113.623,-184.875,-274.938,-102.223,-81.322,-125.974
-110.773,-181.265,-277.408,-99.943,-84.362,-123.123
-107.923,-181.645,-278.928,-98.043,-85.122,-121.413
-108.493,-180.125,-276.268,-95.953,-86.642,-124.453
-109.253,-175.375,-271.708,-92.153,-85.692,-128.064
-106.783,-177.275,-271.898,-92.533,-87.592,-124.644
-108.303,-177.845,-279.308,-94.243,-89.303,-122.173
-107.733,-179.365,-273.988,-92.723,-88.542,-126.544
-106.023,-181.455,-270.188,-92.533,-86.832,-127.494
-108.873,-181.455,-271.518,-92.343,-84.362,-122.553
-113.623,-186.965,-276.458,-95.763,-88.732,-119.513
-110.583,-187.155,-279.498,-99.943,-90.063,-125.214
-107.163,-184.875,-275.698,-99.753,-86.832,-125.404
-108.303,-183.165,-273.608,-97.853,-84.172,-122.173
-110.583,-180.315,-273.418,-97.283,-83.792,-119.323
-108.493,-180.695,-276.838,-95.573,-85.122,-118.943
-105.453,-182.975,-274.748,-95.573,-87.212,-126.924
-105.263,-182.975,-270.188,-94.053,-79.042,-128.824
-105.833,-183.355,-272.278,-92.343,-82.842,-126.354
-108.113,-183.735,-272.848,-92.913,-85.122,-125.404
-104.313,-180.125,-265.057,-87.592,-85.312,-123.693
-106.403,-174.805,-258.407,-79.612,-79.422,-122.173
-107.163,-175.185,-261.447,-79.992,-79.612,-119.133
-102.413,-173.475,-264.867,-81.702,-78.852,-117.233
-102.793,-174.425,-263.917,-82.272,-79.612,-117.993
-102.793,-174.805,-265.247,-83.032,-79.992,-121.223
-101.843,-174.995,-264.867,-86.832,-77.902,-122.933
-103.553,-179.555,-264.487,-89.303,-79.042,-120.083
-106.023,-178.795,-260.307,-86.262,-83.032,-120.653
-103.173,-179.555,-262.967,-88.923,-84.362,-124.644
-104.693,-179.935,-263.727,-91.963,-81.512,-120.843
-107.923,-186.205,-260.307,-93.673,-77.332,-117.423
-109.063,-186.585,-261.067,-96.143,-77.902,-117.423
-107.923,-187.535,-264.107,-97.473,-79.232,-116.093
-112.103,-188.105,-269.048,-97.473,-84.552,-112.483
-115.903,-186.205,-274.748,-100.893,-85.502,-114.193
-115.333,-184.305,-275.318,-103.363,-84.362,-116.853
-112.673,-180.695,-277.218,-104.883,-90.063,-121.033
-108.873,-182.785,-272.658,-102.413,-90.823,-126.544
-110.393,-182.215,-270.948,-101.843,-89.113,-125.214
-111.723,-182.215,-273.988,-104.123,-90.253,-128.064
-112.673,-186.395,-279.118,-105.263,-93.103,-132.054
-113.813,-182.405,-277.978,-106.783,-90.443,-135.284
-113.433,-182.785,-271.518,-106.023,-85.882,-127.874
-116.283,-181.455,-265.057,-101.843,-83.222,-124.263
-117.803,-182.215,-267.908,-99.753,-82.082,-128.064
-114.193,-183.545,-265.817,-101.463,-84.742,-129.394
-112.483,-179.935,-272.468,-101.463,-86.642,-124.644
-111.723,-180.505,-272.848,-102.413,-88.923,-121.603
-112.673,-179.935,-271.138,-101.273,-88.923,-128.064
-117.613,-179.365,-269.428,-102.033,-87.592,-134.904
-119.893,-182.215,-270.378,-105.833,-91.203,-130.724
-118.373,-184.875,-274.558,-107.163,-95.193,-128.444
-114.193,-184.305,-274.938,-107.353,-90.823,-127.874
-112.483,-182.975,-273.988,-105.263,-91.203,-131.294
-112.863,-183.925,-274.368,-104.313,-88.732,-124.453
-113.243,-186.015,-273.798,-106.593,-86.262,-118.183
-113.623,-187.345,-276.078,-107.353,-83.982,-120.083
-111.913,-184.685,-270.378,-102.793,-79.232,-122.743
-110.203,-182.975,-269.428,-102.793,-77.142,-122.743
-111.533,-186.015,-269.428,-98.613,-82.082,-119.893
-118.373,-186.585,-272.278,-102.793,-86.832,-122.553
-117.233,-189.055,-267.338,-103.173,-84.742,-131.104
-117.803,-188.295,-268.098,-109.253,-85.502,-129.584
-113.433,-183.735,-270.568,-110.583,-87.972,-125.214
-112.293,-184.495,-268.858,-110.773,-85.122,-127.684
-109.253,-187.915,-267.908,-110.583,-81.512,-129.584
-105.453,-186.775,-271.518,-108.113,-85.312,-129.964
-106.973,-183.355,-274.938,-105.453,-86.452,-128.824
-106.973,-184.875,-270.378,-105.263,-83.412,-121.983
-107.733,-186.015,-266.577,-105.643,-83.602,-127.304
-106.973,-184.115,-261.447,-102.983,-83.222,-128.254
-106.213,-183.355,-258.217,-103.173,-81.322,-121.033
-106.023,-181.455,-263.347,-103.933,-81.132,-124.073
-106.593,-184.875,-266.387,-106.593,-82.082,-128.254
-104.503,-185.255,-260.687,-100.133,-82.652,-126.924
-102.033,-181.455,-261.257,-95.573,-82.082,-119.893
-106.213,-178.415,-261.637,-95.193,-84.172,-117.423
-106.783,-181.645,-262.017,-97.283,-87.592,-121.223
-103.173,-184.305,-262.017,-96.333,-88.542,-129.014
-101.843,-177.465,-260.687,-95.193,-84.742,-124.453
-105.643,-179.175,-261.257,-94.813,-81.702,-118.183
-105.073,-181.075,-258.407,-96.713,-84.362,-119.703
-107.353,-179.555,-258.217,-97.283,-87.972,-121.603
-108.113,-179.745,-263.157,-95.193,-86.642,-122.363
-107.353,-184.685,-263.727,-92.913,-85.882,-117.233
-108.683,-181.455,-261.827,-94.813,-86.262,-119.133
-109.443,-184.305,-261.637,-93.483,-87.212,-122.743
-111.153,-185.825,-263.347,-98.993,-83.032,-125.404
-111.723,-184.115,-266.007,-97.663,-79.422,-121.983
-110.963,-181.075,-265.817,-98.803,-82.082,-121.223
-110.583,-182.215,-257.647,-102.983,-84.362,-125.024
-111.913,-182.405,-257.837,-100.513,-83.412,-122.173
-110.203,-182.025,-262.017,-98.803,-81.132,-120.463
-115.523,-190.575,-265.817,-99.373,-79.992,-120.463
-116.663,-189.055,-267.718,-105.453,-84.552,-125.214
-115.903,-189.055,-270.378,-110.963,-87.592,-124.453
-114.953,-185.255,-269.998,-101.843,-85.692,-119.893
-111.913,-183.355,-265.057,-94.243,-84.552,-117.803
-112.103,-186.965,-262.967,-95.003,-85.692,-120.273
-112.293,-185.255,-262.397,-99.943,-87.022,-126.544
-114.383,-184.115,-261.827,-97.283,-81.892,-122.933
-114.193,-183.925,-265.057,-96.523,-81.702,-117.043
-108.113,-186.585,-264.867,-96.523,-82.652,-119.513
-112.103,-188.105,-254.607,-93.483,-81.892,-125.024
-112.293,-183.165,-254.227,-100.133,-79.802,-120.653
-108.873,-179.935,-257.077,-101.463,-77.522,-113.623
-107.733,-183.355,-255.177,-99.753,-76.952,-117.423
-108.113,-178.225,-253.277,-97.093,-78.092,-124.834
-106.973,-179.745,-256.507,-101.463,-78.472,-122.173
-110.013,-183.925,-259.167,-104.693,-77.332,-121.603
-111.723,-186.015,-256.887,-110.393,-79.042,-123.313
-111.913,-185.255,-254.227,-109.253,-83.032,-127.304
-113.243,-186.015,-256.127,-110.393,-86.262,-126.544
-113.433,-188.295,-261.257,-112.483,-86.452,-120.843
-117.043,-186.015,-263.347,-110.393,-82.462,-117.233
-120.463,-187.155,-261.447,-108.303,-79.042,-124.263
-119.893,-188.675,-260.877,-106.403,-83.602,-130.154
-121.223,-193.045,-264.107,-110.013,-86.832,-126.354
-124.073,-195.135,-266.387,-112.863,-90.253,-124.834
-118.373,-190.385,-266.767,-112.293,-86.832,-130.534
-120.273,-187.155,-264.867,-107.353,-85.692,-132.814
-121.033,-188.105,-263.917,-104.883,-83.982,-130.724
-121.603,-186.205,-260.497,-103.933,-82.462,-121.413
-119.133,-190.385,-258.027,-107.733,-83.222,-126.164
-117.993,-190.195,-256.887,-110.203,-80.752,-129.204
-115.523,-185.445,-259.927,-106.023,-76.762,-123.883
-113.623,-183.355,-261.257,-103.173,-76.952,-119.323
-112.483,-186.395,-257.077,-102.983,-80.752,-121.033
-114.383,-190.385,-250.237,-99.943,-82.462,-125.784
-117.423,-185.445,-252.327,-97.473,-80.372,-123.313
-113.623,-179.555,-252.327,-94.053,-79.042,-117.613
-108.303,-178.605,-249.097,-91.583,-81.892,-121.793
-106.783,-177.465,-245.107,-91.773,-82.652,-126.734
-108.683,-173.855,-242.067,-94.053,-78.852,-125.214
-109.823,-173.475,-240.547,-91.583,-78.662,-121.603
-111.153,-176.515,-241.497,-94.813,-78.472,-121.033
-113.813,-178.415,-244.157,-96.523,-78.852,-125.214
-111.913,-178.035,-249.667,-91.963,-77.522,-128.064
-110.963,-175.375,-248.527,-89.873,-77.522,-123.313
-108.113,-174.235,-245.107,-85.312,-77.332,-123.693
-103.553,-175.755,-244.537,-81.892,-79.042,-125.974
-105.263,-176.515,-243.777,-86.642,-79.802,-126.544
-111.153,-173.285,-244.537,-89.873,-79.042,-120.653
-111.723,-173.095,-245.297,-87.212,-79.422,-119.323
-107.353,-176.135,-241.497,-88.542,-79.042,-127.684
-108.113,-175.565,-238.267,-91.583,-79.612,-132.624
-111.533,-181.075,-238.837,-94.433,-77.712,-128.064
-110.963,-180.695,-245.677,-94.243,-75.432,-124.073
-112.103,-179.555,-244.347,-95.953,-75.432,-126.734
-115.333,-184.685,-242.257,-103.553,-75.242,-126.734
-113.053,-184.115,-246.437,-100.703,-77.902,-124.263
-111.913,-184.305,-244.157,-97.093,-77.522,-120.653
-113.053,-182.595,-243.587,-99.753,-78.282,-122.553
-121.033,-184.115,-243.777,-96.713,-78.282,-122.363
-124.644,-184.115,-249.287,-96.333,-77.332,-117.613
-121.413,-180.695,-248.527,-93.293,-77.142,-113.623
-119.323,-184.305,-250.047,-91.393,-77.522,-114.763
-116.283,-185.445,-250.237,-97.473,-81.512,-124.644
-121.793,-187.915,-251.947,-100.893,-81.132,-123.693
-124.644,-185.825,-253.087,-102.413,-78.282,-118.943
-121.033,-184.685,-256.317,-102.223,-80.942,-122.173
-116.663,-182.975,-252.517,-100.893,-79.422,-126.734
-110.773,-178.225,-247.197,-97.473,-73.532,-126.544
-108.683,-180.505,-243.777,-95.763,-79.232,-119.323
-110.583,-182.405,-244.727,-95.763,-81.892,-119.133
-112.103,-184.305,-242.827,-96.333,-81.892,-124.263
-110.203,-184.115,-245.107,-96.523,-79.612,-124.834
-109.633,-186.585,-248.147,-97.473,-77.142,-119.133
-111.533,-186.015,-250.807,-97.473,-78.662,-114.003
-121.413,-186.395,-253.467,-95.573,-79.232,-120.653
-111.723,-186.965,-246.627,-95.573,-76.572,-124.073
-107.353,-185.065,-242.257,-95.193,-75.432,-118.373
-104.693,-178.985,-239.217,-95.763,-76.002,-114.003
-106.213,-183.735,-238.457,-95.383,-75.052,-120.273
-114.003,-191.335,-244.537,-93.863,-74.862,-127.494
-112.673,-187.155,-241.687,-97.663,-76.002,-124.263
-114.003,-187.345,-245.487,-100.133,-74.292,-117.423
-114.953,-188.105,-245.487,-98.233,-75.432,-118.183
-109.443,-185.255,-240.737,-98.993,-76.572,-121.413
-110.013,-185.065,-240.927,-97.093,-76.192,-117.423
-112.863,-181.645,-241.307,-95.953,-77.522,-111.153
-116.093,-183.545,-241.117,-96.713,-75.812,-114.953
-116.663,-186.395,-243.207,-99.943,-80.372,-121.223
-117.613,-184.875,-246.627,-100.893,-83.792,-117.423
-114.383,-180.885,-250.047,-99.183,-82.082,-115.523
-110.203,-182.215,-250.047,-97.853,-80.942,-120.273
-108.873,-177.465,-242.827,-94.623,-82.652,-127.874
-107.353,-174.045,-237.887,-94.813,-79.232,-127.114
-105.643,-173.855,-230.856,-90.253,-77.522,-119.323
-104.123,-174.615,-227.246,-86.452,-76.382,-119.893
-100.893,-176.325,-225.726,-86.262,-76.002,-118.563
-102.223,-179.745,-223.066,-87.212,-73.722,-117.043
-106.973,-180.125,-222.496,-88.923,-74.292,-116.853
-107.353,-180.125,-225.916,-88.923,-76.572,-118.183
-105.073,-182.595,-228.766,-92.723,-79.802,-122.553
-107.353,-185.445,-230.096,-93.483,-76.762,-126.924
-111.343,-188.105,-235.797,-96.143,-75.052,-121.603
-112.103,-190.955,-236.557,-95.573,-76.572,-120.083
-108.493,-187.725,-231.236,-95.003,-78.092,-119.323
-108.493,-184.875,-228.196,-94.053,-78.092,-124.834
-114.763,-184.685,-231.236,-95.383,-79.802,-121.033
-118.373,-181.835,-237.317,-98.423,-80.182,-118.373
-115.333,-184.685,-239.217,-97.473,-83.412,-123.123
-108.873,-189.435,-238.077,-96.903,-82.652,-125.974
-109.633,-189.435,-239.217,-96.713,-78.852,-126.354
-109.253,-185.825,-234.277,-98.613,-78.282,-120.653
-111.153,-184.875,-226.296,-98.613,-81.132,-121.413
-110.963,-182.025,-226.106,-98.803,-80.562,-123.883
-113.433,-183.735,-233.327,-97.473,-80.372,-118.753
-112.863,-184.685,-234.087,-98.803,-77.902,-115.713
-112.673,-186.015,-226.866,-98.423,-77.902,-120.843
-111.153,-187.915,-226.296,-101.083,-75.432,-123.123
-104.693,-189.435,-225.726,-104.123,-74.672,-123.123
-107.163,-189.245,-228.006,-105.453,-76.762,-121.223
-109.063,-188.295,-226.106,-104.693,-77.902,-121.603
-108.303,-184.305,-223.446,-106.403,-75.052,-122.743
-107.543,-187.345,-218.506,-106.593,-72.772,-126.164
-110.773,-191.905,-220.786,-102.983,-74.292,-127.684
-113.243,-194.565,-231.617,-100.133,-77.332,-124.834
-119.703,-189.815,-236.557,-100.133,-78.092,-125.214
-120.653,-187.345,-235.227,-103.933,-79.992,-126.544
-120.843,-188.675,-236.747,-100.133,-79.802,-122.363
-116.853,-183.735,-238.647,-99.563,-76.952,-121.413
-111.343,-183.545,-230.286,-95.193,-77.332,-122.363
-108.873,-180.125,-225.156,-95.573,-76.382,-122.553
-112.293,-177.085,-230.096,-98.613,-75.812,-117.613
-111.343,-177.275,-234.277,-99.563,-74.862,-114.193
-109.253,-180.315,-228.386,-97.853,-76.382,-115.713
-108.683,-183.925,-221.356,-93.293,-80.942,-120.843
-106.403,-182.215,-227.246,-95.953,-77.902,-121.223
-106.783,-178.225,-227.056,-95.573,-74.292,-116.853
-107.163,-177.845,-223.256,-96.143,-73.532,-117.233
-105.453,-177.275,-220.216,-90.253,-75.242,-121.983
-100.133,-176.135,-217.936,-89.873,-74.292,-125.214
-102.223,-173.855,-220.216,-89.303,-74.672,-117.803
-103.743,-176.135,-223.066,-89.873,-73.152,-117.993
-99.943,-174.045,-221.166,-92.723,-75.622,-125.214
-104.123,-177.275,-220.216,-87.972,-71.252,-124.834
-103.173,-175.565,-224.966,-89.873,-73.722,-119.703
-101.653,-181.265,-224.966,-98.043,-74.862,-120.653
-105.073,-185.635,-225.726,-99.373,-78.092,-133.954
-108.303,-185.445,-229.146,-101.273,-74.862,-136.044
-107.923,-183.545,-229.146,-105.643,-72.582,-129.584
-108.873,-185.065,-231.807,-101.083,-74.482,-124.644
-109.063,-189.625,-233.327,-107.543,-78.852,-127.684
-112.673,-186.015,-228.576,-108.873,-75.432,-126.734
-117.803,-184.685,-225.726,-103.363,-69.922,-120.843
-116.853,-182.215,-231.426,-100.513,-71.632,-116.283
-111.723,-176.705,-233.707,-92.723,-71.252,-114.573
-113.053,-173.475,-230.476,-91.583,-73.532,-117.043
-115.143,-177.275,-229.716,-91.393,-70.682,-112.103
-120.273,-180.125,-231.617,-91.393,-72.202,-108.493
-117.043,-180.315,-232.377,-92.913,-71.822,-109.253
-115.903,-183.545,-230.476,-97.093,-69.162,-118.183
-113.433,-185.255,-230.476,-96.713,-70.492,-121.603
-111.153,-180.505,-231.046,-97.473,-73.912,-116.473
-105.833,-178.605,-228.006,-99.183,-75.052,-117.423
-100.323,-182.405,-222.496,-99.753,-73.912,-123.693
-100.133,-183.545,-224.776,-101.463,-72.202,-127.494
-102.033,-184.305,-232.567,-101.273,-70.682,-119.133
-102.223,-184.115,-231.617,-100.323,-70.492,-114.193
-103.553,-186.775,-226.866,-96.903,-65.932,-116.473
-106.403,-183.925,-224.396,-100.323,-65.932,-116.853
-110.393,-183.355,-224.586,-99.943,-63.652,-112.863
-115.903,-184.495,-225.156,-98.803,-63.842,-116.283
-112.293,-183.355,-225.916,-96.713,-68.212,-120.273
-106.403,-182.785,-223.256,-95.383,-66.692,-118.373
-104.693,-178.795,-224.206,-95.193,-68.022,-113.623
-106.213,-181.835,-225.156,-90.253,-65.932,-112.673
-106.593,-179.555,-224.586,-95.763,-63.842,-114.573
-107.923,-181.835,-219.646,-95.573,-66.502,-116.853
-111.723,-182.785,-224.396,-96.713,-64.982,-114.383
-113.053,-185.635,-232.377,-97.853,-67.452,-108.683
-115.713,-188.675,-237.697,-100.703,-74.672,-114.193
-114.003,-188.485,-234.847,-100.893,-74.672,-120.083
-113.623,-187.915,-233.897,-100.893,-75.432,-115.333
-115.713,-186.205,-235.227,-94.623,-76.952,-109.823
-114.763,-183.735,-234.277,-94.433,-76.572,-111.343
-111.153,-186.775,-228.386,-99.563,-75.242,-116.093
-109.823,-184.305,-224.776,-98.233,-73.722,-118.373
-108.303,-179.365,-223.446,-94.623,-70.682,-116.093
-103.173,-178.035,-219.836,-92.913,-69.922,-117.613
-101.273,-179.175,-225.346,-96.333,-71.062,-119.893
-103.743,-181.835,-234.277,-100.893,-74.292,-117.613
-109.253,-183.355,-232.947,-98.803,-73.532,-113.433
-107.163,-185.255,-228.956,-97.093,-75.622,-114.763
-107.733,-184.115,-228.576,-97.473,-76.192,-123.123
-107.353,-182.975,-231.807,-96.333,-75.432,-122.173
-105.073,-182.975,-234.467,-92.913,-74.292,-116.663
-102.793,-180.315,-230.476,-96.713,-76.192,-120.653
-105.833,-180.505,-223.826,-94.623,-75.052,-124.453
-105.643,-180.315,-225.156,-96.903,-76.572,-129.774
-103.363,-178.225,-228.576,-95.003,-75.052,-125.594
-102.033,-179.175,-228.956,-94.813,-77.142,-125.404
-101.273,-182.025,-232.947,-93.863,-77.712,-128.064
-102.413,-181.265,-231.426,-93.863,-76.382,-128.634
-106.783,-182.405,-235.037,-94.813,-77.522,-119.133
-110.963,-184.685,-240.927,-96.143,-78.282,-116.473
-107.543,-182.785,-237.127,-96.333,-79.992,-118.753
-106.783,-181.645,-232.757,-95.383,-79.992,-120.273
-106.023,-182.405,-234.847,-97.663,-76.192,-117.423
-102.603,-180.505,-237.507,-95.763,-76.952,-116.663
-106.023,-182.975,-237.317,-97.473,-75.432,-122.933
-106.213,-181.455,-232.377,-96.713,-75.052,-130.534
-106.593,-182.025,-233.517,-97.093,-78.662,-127.304
-109.253,-181.455,-231.426,-92.913,-80.182,-120.843
-114.763,-182.785,-235.227,-96.143,-78.852,-123.123
-114.573,-184.875,-245.867,-99.373,-79.042,-126.544
-113.053,-189.245,-249.857,-103.363,-77.522,-126.544
-116.283,-188.295,-250.997,-104.693,-76.002,-120.463
-118.563,-187.345,-252.517,-103.933,-79.422,-119.703
-120.083,-187.535,-248.337,-107.163,-78.092,-121.793
-120.273,-184.305,-249.667,-104.693,-75.242,-124.453
-119.513,-180.315,-250.427,-96.333,-75.812,-118.563
-115.143,-180.125,-249.857,-94.243,-76.572,-119.703
-115.713,-175.755,-243.397,-96.333,-77.142,-123.123
-116.093,-177.845,-243.397,-93.293,-73.532,-127.304
-117.233,-179.935,-247.957,-102.223,-78.092,-125.024
-112.673,-182.595,-251.377,-101.653,-79.422,-123.123
-112.863,-184.115,-248.527,-102.223,-79.802,-123.503
-106.783,-184.875,-243.967,-105.643,-81.512,-127.874
-111.153,-186.965,-243.587,-105.263,-82.272,-129.014
-113.813,-189.055,-245.487,-103.743,-81.512,-122.933
-110.013,-191.145,-243.967,-102.413,-81.512,-123.883
-107.733,-185.825,-237.317,-102.603,-84.932,-125.214
-110.963,-180.315,-232.757,-97.663,-80.562,-120.843
-114.003,-182.785,-235.037,-97.853,-78.092,-118.373
-114.573,-186.015,-234.847,-104.883,-80.182,-123.123
-110.963,-187.345,-230.476,-107.353,-81.132,-130.154
-109.633,-191.145,-233.517,-108.303,-80.562,-129.964
-109.823,-190.005,-244.727,-109.063,-79.232,-124.073
-113.623,-187.915,-252.137,-109.063,-80.372,-125.024
-111.153,-187.345,-246.057,-110.393,-82.652,-129.204
-112.863,-188.105,-243.587,-110.583,-82.272,-124.834
-113.053,-185.825,-242.257,-107.543,-79.802,-119.893
-110.773,-181.835,-236.937,-101.083,-77.712,-119.893
-103.933,-182.975,-234.467,-100.513,-76.952,-123.313
-106.403,-179.935,-236.557,-95.383,-75.052,-126.164
-108.873,-181.265,-242.827,-95.003,-72.582,-122.553
-106.593,-184.495,-235.987,-94.623,-74.672,-120.843
-106.213,-184.115,-230.286,-94.053,-75.052,-127.494
-109.633,-178.415,-237.697,-95.383,-76.952,-131.104
-111.723,-180.885,-250.427,-100.703,-81.512,-131.104
-117.233,-183.735,-255.937,-102.603,-85.502,-132.244
-112.863,-187.345,-255.177,-105.263,-84.362,-134.714
-109.253,-187.725,-249.667,-108.113,-84.172,-132.814
-106.593,-187.155,-248.717,-107.353,-84.362,-125.404
-106.783,-190.005,-248.717,-104.883,-82.462,-121.033
-110.963,-189.625,-247.957,-102.983,-80.942,-120.463
-113.053,-185.065,-249.287,-98.613,-80.372,-121.603
-115.903,-183.355,-254.607,-100.323,-81.702,-121.413
-122.173,-181.455,-256.127,-104.313,-79.422,-119.703
-119.703,-184.685,-252.327,-106.023,-79.612,-126.924
-120.653,-185.825,-253.467,-105.453,-79.992,-135.474
-122.363,-186.395,-261.827,-110.963,-86.452,-133.004
-123.123,-188.485,-264.677,-112.483,-87.212,-125.784
-123.883,-190.575,-264.677,-113.433,-89.113,-127.874
-119.893,-191.145,-266.577,-112.673,-89.873,-132.434
-120.843,-193.995,-268.668,-115.903,-89.113,-131.674
-119.703,-191.335,-269.618,-116.663,-84.742,-128.824
-118.563,-190.765,-268.858,-112.103,-81.702,-129.584
-114.953,-188.675,-261.827,-107.353,-81.322,-133.764
-108.873,-185.445,-249.857,-106.403,-79.042,-134.714
-108.113,-185.065,-241.117,-104.313,-79.992,-130.154
-110.013,-185.635,-246.437,-104.313,-79.992,-129.394
-110.393,-185.255,-249.097,-100.323,-78.852,-132.814
-110.393,-181.455,-247.957,-97.663,-81.322,-133.954
-110.013,-181.835,-248.717,-92.723,-80.372,-123.883
-110.773,-183.925,-248.147,-90.823,-80.942,-116.853
-111.533,-182.975,-244.537,-93.103,-76.382,-118.183
-106.213,-185.065,-245.297,-91.013,-74.482,-118.753
-103.933,-186.965,-243.397,-86.832,-72.202,-114.003
-105.263,-183.165,-239.027,-88.542,-71.632,-112.863
-110.203,-187.155,-236.937,-92.533,-70.112,-117.423
-108.683,-187.725,-232.757,-89.113,-74.862,-125.784
-109.823,-185.445,-235.417,-89.873,-75.242,-125.024
-112.863,-185.635,-240.737,-88.732,-74.102,-122.553
-110.393,-186.015,-241.497,-88.162,-76.382,-126.924
-109.633,-188.675,-238.267,-83.412,-77.332,-126.354
-107.923,-184.685,-236.367,-81.702,-74.672,-122.553
-103.553,-180.125,-239.217,-85.882,-72.582,-117.233
-105.833,-181.265,-241.497,-90.633,-75.052,-121.413
-107.923,-189.055,-241.877,-94.053,-77.142,-127.684
-109.633,-189.815,-244.917,-97.473,-75.242,-127.304
-113.623,-190.195,-244.537,-96.713,-73.152,-120.083
-117.233,-193.045,-242.827,-92.153,-72.392,-124.834
-115.713,-191.905,-238.647,-94.623,-76.192,-125.404
-111.913,-188.865,-241.877,-95.003,-72.392,-125.214
-109.443,-185.445,-246.437,-91.013,-74.102,-121.413
-111.153,-183.165,-250.237,-93.673,-77.522,-119.133
-111.533,-188.485,-248.147,-97.093,-79.802,-123.503
-110.203,-193.045,-249.097,-101.843,-80.562,-128.634
-109.633,-189.815,-249.857,-103.933,-77.522,-121.983
-108.683,-191.715,-252.517,-102.223,-76.002,-118.943
-111.343,-191.715,-251.757,-102.603,-77.902,-126.734
-110.963,-188.675,-250.997,-103.553,-79.612,-126.924
-110.963,-186.015,-254.987,-102.033,-77.332,-123.313
-107.733,-186.965,-255.177,-104.503,-77.712,-120.653
-107.543,-185.825,-250.617,-106.973,-79.042,-125.024
-104.313,-184.685,-247.007,-106.213,-80.942,-128.254
-106.403,-185.635,-247.957,-103.933,-80.372,-124.834
-110.963,-180.505,-249.477,-100.133,-76.002,-120.653
-105.263,-185.255,-247.767,-97.853,-78.852,-118.753
-100.893,-186.585,-244.917,-94.243,-76.382,-121.793
-97.093,-184.685,-240.167,-92.153,-73.722,-119.513
-101.843,-185.445,-234.467,-92.533,-72.962,-114.003
-102.603,-187.345,-239.787,-91.773,-71.062,-117.233
-103.173,-187.725,-239.977,-94.813,-71.632,-122.363
-108.493,-184.875,-243.017,-96.143,-72.012,-121.033
-108.683,-186.015,-249.477,-99.753,-74.102,-120.843
-105.833,-187.725,-244.157,-99.183,-72.012,-122.933
-105.453,-188.485,-242.447,-96.713,-75.242,-126.544
-102.413,-186.585,-237.887,-95.763,-73.722,-128.064
-99.753,-186.015,-235.227,-96.903,-71.632,-122.743
-97.473,-184.495,-235.417,-99.373,-70.112,-118.183
-97.663,-183.925,-233.137,-98.613,-71.062,-123.503
-93.863,-184.115,-229.336,-96.333,-67.072,-123.883
-97.093,-185.255,-233.327,-96.903,-64.222,-117.803
-101.273,-186.015,-235.417,-99.183,-64.982,-116.663
-103.363,-190.955,-236.557,-97.663,-73.152,-117.613
-101.653,-191.525,-236.747,-101.083,-73.532,-124.263
-103.363,-188.485,-239.217,-102.223,-72.012,-119.893
-103.933,-182.785,-239.597,-96.903,-72.202,-114.763
-102.223,-179.935,-231.807,-95.383,-71.062,-119.513
-98.803,-180.695,-230.286,-94.623,-70.492,-125.404
-96.903,-179.935,-230.286,-93.673,-71.252,-123.123
-99.563,-179.555,-232.567,-95.193,-72.392,-117.423
-99.753,-181.265,-231.236,-94.433,-73.532,-122.553
-99.373,-183.735,-231.997,-91.583,-73.532,-127.114
-98.613,-184.115,-238.077,-91.773,-76.572,-126.924
-98.423,-187.345,-244.727,-94.243,-77.332,-126.164
-98.803,-188.105,-243.397,-98.423,-78.472,-126.924
-101.273,-185.635,-243.777,-102.223,-76.192,-132.244
-104.503,-186.015,-244.917,-105.263,-77.332,-133.954
-105.263,-187.345,-252.327,-106.973,-79.422,-126.354
-108.873,-186.395,-253.467,-107.353,-79.232,-127.304
-104.883,-188.105,-247.767,-106.403,-79.992,-129.584
-104.883,-187.725,-253.087,-108.493,-80.752,-131.674
-104.883,-187.535,-255.367,-109.633,-80.182,-131.674
-108.683,-193.425,-254.037,-108.303,-80.942,-126.924
-107.543,-190.955,-250.997,-111.153,-80.182,-129.204
-103.553,-191.335,-245.107,-109.633,-80.372,-129.774
-105.833,-194.565,-250.237,-108.873,-80.562,-127.114
-109.443,-195.706,-257.077,-109.633,-82.082,-122.363
-114.193,-192.285,-256.697,-110.013,-82.082,-123.693
-112.863,-190.385,-253.657,-110.773,-82.842,-126.164
-106.973,-185.255,-253.087,-108.303,-83.222,-125.024
-106.593,-186.395,-253.277,-98.423,-80.942,-125.214
-104.313,-182.405,-248.907,-97.093,-80.752,-128.444
-99.753,-181.645,-247.197,-99.373,-80.372,-133.194
-97.093,-186.395,-246.627,-97.473,-82.272,-127.684
-102.223,-184.875,-247.197,-95.003,-79.232,-122.553
-106.593,-186.395,-245.487,-97.663,-75.622,-124.644
-103.553,-189.055,-245.867,-102.413,-77.712,-134.524
-100.323,-191.525,-252.517,-98.993,-80.752,-132.244
-103.553,-188.675,-256.317,-102.413,-76.762,-124.263
-102.793,-184.495,-254.227,-101.083,-76.952,-126.734
-101.463,-182.785,-254.607,-99.943,-79.232,-133.764
-99.753,-183.735,-250.807,-101.843,-79.802,-130.534
-102.603,-182.785,-250.807,-99.563,-80.372,-126.354
-99.563,-181.835,-251.187,-98.803,-79.422,-126.734
-98.613,-184.305,-248.147,-97.853,-77.522,-127.114
-100.513,-187.915,-250.047,-101.463,-75.432,-129.204
-105.073,-194.755,-254.987,-106.593,-76.382,-127.494
-105.073,-191.525,-250.617,-108.113,-79.802,-123.123
-101.273,-190.195,-246.247,-103.933,-78.852,-122.933
-100.323,-191.525,-242.637,-99.943,-77.332,-122.743
-101.273,-194.185,-240.547,-100.513,-75.242,-119.133
-102.033,-190.955,-242.447,-101.083,-76.762,-118.943
-103.173,-191.905,-243.967,-102.413,-77.142,-121.603
-103.553,-193.425,-244.157,-103.173,-71.442,-124.644
-105.263,-197.986,-248.527,-108.303,-72.582,-121.793
-111.533,-200.076,-255.557,-112.863,-76.952,-122.363
-111.533,-200.836,-254.797,-112.293,-78.852,-130.154
-107.543,-197.986,-251.377,-111.343,-78.662,-134.334
-108.303,-194.945,-247.387,-108.303,-76.952,-131.674
-105.833,-194.945,-247.197,-106.213,-74.102,-127.114
-106.023,-194.375,-242.637,-106.403,-76.192,-127.494
-106.213,-192.665,-236.747,-104.313,-78.092,-132.054
-110.583,-193.045,-238.457,-104.883,-78.662,-126.734
-111.153,-194.565,-242.827,-108.683,-76.572,-125.404
-109.253,-199.316,-247.577,-109.823,-79.802,-131.864
-108.873,-196.086,-251.947,-112.673,-76.192,-136.614
-110.393,-197.036,-250.617,-111.913,-77.142,-134.334
-106.023,-194.945,-249.857,-112.103,-77.712,-129.394
-108.303,-193.045,-249.477,-110.773,-77.712,-127.684
-110.773,-193.425,-248.147,-108.873,-81.702,-129.584
-111.343,-194.945,-247.197,-105.073,-83.222,-129.964
-115.333,-197.606,-250.997,-106.403,-80.182,-122.933
-117.803,-196.276,-252.517,-106.973,-78.472,-119.893
-113.433,-197.606,-246.627,-109.823,-79.042,-121.413
-110.773,-195.706,-241.117,-107.543,-76.762,-124.644
-104.313,-194.185,-241.117,-103.363,-73.152,-124.453
-101.083,-189.245,-231.236,-101.653,-76.762,-122.933
-101.843,-188.295,-226.296,-99.373,-77.522,-123.693
-99.943,-188.485,-228.956,-97.473,-78.282,-126.164
-101.273,-188.485,-232.377,-96.903,-77.522,-124.453
-97.853,-183.925,-232.187,-94.243,-71.062,-123.693
-92.153,-187.155,-228.766,-98.043,-69.352,-128.634
-88.162,-183.355,-224.016,-99.563,-71.822,-127.114
-86.832,-182.405,-223.826,-96.903,-68.782,-123.503
-88.162,-179.555,-224.966,-95.193,-64.602,-121.793
-88.923,-182.975,-222.686,-93.863,-66.122,-125.404
-91.583,-182.595,-224.396,-96.333,-69.542,-127.494
-91.393,-185.635,-228.196,-98.233,-67.072,-124.834
-94.243,-186.965,-231.997,-97.093,-67.642,-124.453
-94.053,-187.345,-230.476,-97.283,-70.872,-126.164
-89.113,-184.305,-229.716,-96.903,-71.632,-131.484
-88.542,-184.495,-232.757,-94.243,-72.012,-130.154
-91.583,-184.115,-233.327,-94.243,-76.952,-120.083
-93.293,-182.405,-229.906,-91.773,-75.432,-120.463
-93.673,-182.785,-230.096,-95.763,-74.672,-125.024
-91.963,-182.595,-229.526,-94.623,-74.672,-126.164
-92.723,-182.595,-232.757,-98.613,-70.682,-117.803
-97.663,-184.305,-234.657,-101.273,-73.722,-120.273
-102.793,-186.965,-234.467,-98.803,-75.812,-125.784
-106.973,-187.345,-238.837,-104.693,-77.902,-127.494
-107.923,-192.095,-244.727,-102.223,-77.902,-122.173
-101.273,-188.485,-240.927,-99.563,-77.902,-120.653
-88.732,-178.795,-233.517,-94.243,-76.002,-122.743
-91.013,-179.365,-231.807,-89.493,-71.442,-125.594
-90.823,-186.205,-233.897,-91.393,-73.342,-121.033
-87.022,-186.585,-229.146,-98.423,-72.582,-117.993
-92.343,-187.725,-229.526,-101.653,-69.162,-123.313
-91.583,-192.475,-231.236,-102.793,-70.302,-125.784
-95.763,-192.095,-236.937,-102.603,-74.292,-123.123
-98.803,-193.805,-242.067,-102.793,-75.812,-117.423
-96.143,-192.855,-235.227,-98.423,-72.772,-115.333
-91.773,-187.535,-228.576,-96.713,-73.152,-122.173
-90.443,-182.785,-225.726,-89.873,-70.112,-123.123
-87.212,-182.785,-222.876,-84.172,-66.312,-120.273
-82.842,-180.315,-216.416,-81.702,-64.982,-118.943
-84.552,-179.935,-216.986,-79.422,-63.842,-119.133
-84.742,-181.265,-223.826,-82.082,-66.122,-114.953
-90.633,-182.785,-224.776,-85.502,-69.732,-110.773
-95.193,-189.245,-226.866,-88.923,-68.972,-110.963
-94.813,-195.135,-229.146,-96.523,-68.402,-114.383
-95.003,-194.945,-231.997,-105.453,-68.212,-121.603
-96.903,-199.126,-238.647,-106.593,-66.692,-118.183
-93.673,-198.366,-238.647,-104.503,-69.162,-115.903
-94.813,-197.986,-237.887,-107.543,-70.682,-121.983
-94.243,-197.796,-240.737,-108.303,-72.012,-122.173
-95.573,-196.846,-241.307,-105.263,-74.862,-121.413
-90.063,-195.706,-239.027,-102.223,-75.432,-122.933
-91.013,-195.896,-232.377,-101.463,-72.392,-129.204
-93.673,-196.656,-231.617,-101.653,-71.442,-132.054
-97.283,-201.216,-233.137,-98.233,-69.352,-122.743
-98.233,-200.456,-235.607,-99.373,-67.642,-119.323
-98.803,-203.306,-238.457,-103.553,-72.582,-123.313
-101.653,-203.876,-237.127,-107.543,-72.012,-128.254
-104.123,-201.786,-236.937,-107.543,-72.202,-128.444
-101.653,-204.066,-235.797,-109.633,-78.092,-123.313
-98.423,-199.506,-239.597,-106.973,-78.092,-126.354
-95.383,-193.995,-241.877,-102.033,-75.242,-133.764
-89.873,-190.955,-242.067,-102.603,-74.862,-130.534
-89.873,-186.585,-238.837,-101.463,-76.572,-124.263
-91.393,-182.215,-233.327,-93.293,-76.192,-120.653
-90.633,-182.975,-232.187,-90.633,-73.532,-124.644
-91.203,-184.305,-232.567,-87.782,-74.102,-117.993
-94.053,-185.445,-233.897,-90.063,-71.632,-115.903
-98.043,-186.775,-232.947,-90.443,-71.442,-121.413
-99.563,-188.675,-229.336,-91.583,-73.722,-125.974
-100.323,-188.105,-235.607,-91.203,-74.482,-124.073
-105.073,-188.295,-240.357,-95.003,-74.862,-117.423
-102.413,-189.245,-239.217,-95.953,-76.192,-118.183
-99.943,-191.335,-235.987,-94.053,-75.812,-121.793
-97.283,-187.155,-233.897,-97.283,-70.872,-124.453
-93.293,-182.405,-231.617,-92.343,-66.882,-120.843
-95.573,-184.685,-231.046,-91.963,-65.172,-121.413
-91.583,-188.295,-232.377,-89.873,-63.652,-126.164
-90.063,-192.855,-220.976,-93.103,-59.662,-125.594
-95.003,-193.235,-221.736,-93.673,-60.802,-117.423
-94.623,-193.995,-223.446,-94.433,-61.182,-115.713
-92.533,-198.176,-222.876,-96.903,-64.222,-121.033
-95.193,-194.565,-226.296,-97.093,-64.982,-125.024
-97.853,-190.195,-232.757,-92.343,-71.442,-121.603
-98.233,-191.335,-235.417,-93.673,-70.492,-118.753
-100.893,-193.805,-237.127,-94.053,-72.582,-128.064
-99.373,-195.706,-236.367,-96.523,-73.722,-133.384
-97.093,-187.535,-234.467,-92.533,-73.532,-125.974
-96.713,-182.215,-237.697,-91.393,-73.722,-122.743
-95.193,-183.545,-238.647,-92.723,-74.482,-121.603
-94.243,-180.695,-238.837,-94.623,-76.382,-127.874
-93.673,-184.875,-234.657,-99.753,-76.952,-128.444
-98.803,-185.825,-237.697,-100.703,-79.042,-125.974
-101.653,-191.145,-241.877,-104.313,-79.992,-124.453
-102.793,-190.385,-242.067,-107.733,-83.222,-132.814
-100.133,-190.765,-243.207,-106.403,-83.792,-132.814
-96.523,-190.575,-246.627,-107.353,-80.372,-127.494
-93.673,-183.735,-241.307,-102.603,-77.712,-126.164
-88.732,-183.165,-226.676,-101.083,-76.762,-127.114
-89.873,-187.155,-222.306,-100.893,-74.862,-129.204
-95.003,-184.685,-228.196,-96.333,-73.912,-125.404
-96.333,-180.505,-229.336,-92.913,-74.292,-122.933
-92.723,-176.515,-225.156,-92.343,-72.012,-124.644
-87.972,-177.845,-224.586,-90.253,-68.592,-128.444
-89.873,-183.735,-226.296,-93.673,-68.592,-122.553
-95.953,-189.245,-226.486,-94.243,-68.022,-118.373
-96.713,-187.915,-226.866,-97.093,-67.262,-120.843
-97.283,-189.815,-225.536,-96.333,-72.392,-125.594
-97.473,-190.955,-229.336,-92.533,-73.532,-121.223
-92.533,-190.955,-231.997,-94.813,-72.962,-123.883
-92.913,-189.435,-226.676,-97.663,-68.782,-123.313
-96.143,-189.055,-223.636,-98.803,-69.352,-129.394
-94.243,-185.065,-223.636,-97.473,-70.872,-125.214
-90.063,-182.975,-224.016,-95.383,-67.832,-113.813
-95.193,-186.965,-225.726,-95.193,-64.412,-111.723
-92.533,-186.015,-223.256,-95.763,-66.312,-123.693
-93.863,-188.295,-227.056,-95.953,-70.872,-121.983
-98.423,-185.825,-238.457,-98.423,-72.012,-116.093
-98.613,-187.535,-237.317,-100.513,-74.292,-115.903
-99.753,-185.065,-233.707,-95.953,-74.862,-118.563
-100.323,-189.815,-232.567,-94.623,-73.722,-120.843
-102.793,-194.565,-234.467,-102.033,-75.432,-119.703
-96.143,-194.185,-232.947,-105.643,-77.902,-120.463
-97.473,-196.086,-230.666,-102.983,-70.302,-126.924
-98.423,-193.045,-233.327,-102.223,-68.782,-132.814
-99.183,-187.915,-233.327,-97.093,-69.162,-125.974
-98.993,-192.095,-228.576,-97.473,-68.782,-124.263
-100.323,-192.285,-225.156,-98.423,-72.202,-123.883
-100.513,-189.245,-225.156,-95.383,-72.202,-123.503
-101.083,-189.435,-232.187,-93.673,-68.022,-117.613
-101.653,-188.485,-231.997,-94.623,-69.162,-115.333
-102.223,-191.335,-230.666,-95.763,-68.972,-118.943
-102.413,-191.335,-230.476,-92.723,-67.832,-122.553
-100.703,-191.525,-234.657,-93.483,-67.452,-123.883
-102.603,-195.516,-243.207,-99.373,-69.162,-126.544
-102.603,-193.805,-244.347,-103.553,-73.912,-129.964
-100.893,-195.135,-242.827,-110.583,-80.752,-137.184
-99.753,-193.995,-241.497,-113.053,-79.232,-134.334
-99.373,-191.145,-239.787,-109.443,-78.852,-128.444
-97.473,-190.195,-234.657,-106.973,-79.422,-127.874
-94.433,-186.395,-230.096,-104.123,-76.002,-130.154
-91.773,-184.305,-234.657,-104.693,-73.152,-127.874
-91.013,-182.785,-239.787,-101.843,-73.152,-120.083
-93.863,-185.445,-234.847,-97.663,-72.202,-123.503
-91.963,-186.965,-230.666,-100.893,-77.142,-128.634
-97.093,-189.055,-236.937,-104.313,-74.102,-130.534
-106.783,-190.765,-246.247,-105.453,-73.722,-124.644
-103.363,-193.045,-248.147,-106.023,-76.762,-123.123
-101.463,-190.005,-245.297,-103.173,-77.142,-128.254
-100.703,-188.865,-237.317,-102.223,-71.822,-126.924
-99.753,-188.105,-232.947,-100.323,-70.872,-122.553
-98.803,-188.295,-231.236,-102.413,-69.542,-119.133
-94.053,-194.375,-226.866,-104.503,-71.062,-125.404
-97.093,-192.855,-225.156,-104.693,-70.682,-128.634
-98.423,-195.135,-228.386,-102.413,-69.922,-123.883
-99.373,-191.335,-235.037,-102.793,-73.722,-125.024
-98.423,-186.965,-236.557,-105.453,-75.052,-128.254
-97.093,-183.545,-234.467,-100.893,-76.002,-133.954
-94.433,-180.695,-234.847,-93.863,-75.432,-128.064
-98.423,-178.225,-240.547,-93.863,-77.712,-121.793
-98.613,-181.835,-240.737,-93.103,-78.092,-126.734
-95.383,-183.355,-236.177,-95.763,-77.332,-131.864
-95.193,-187.535,-237.317,-99.943,-78.282,-131.104
-99.753,-190.955,-243.207,-104.313,-78.472,-128.254
-101.273,-191.145,-247.387,-106.593,-77.712,-126.354
-96.333,-188.105,-243.017,-107.923,-77.902,-132.434
-94.623,-182.975,-236.747,-102.603,-78.092,-129.584
-92.533,-182.785,-237.507,-100.133,-74.672,-125.214
-88.923,-181.455,-233.327,-101.083,-71.442,-127.874
-87.592,-186.775,-225.726,-100.513,-69.542,-134.904
-83.982,-183.925,-222.686,-104.693,-71.252,-133.954
-87.212,-179.175,-233.137,-102.793,-72.582,-128.064
-80.942,-175.185,-239.597,-100.513,-76.192,-125.024
-73.152,-174.995,-238.267,-105.453,-78.092,-130.724
-69.352,-174.805,-234.847,-107.353,-76.572,-133.194
-71.632,-172.525,-235.227,-105.453,-80.182,-125.214
-66.502,-169.295,-231.997,-102.033,-77.902,-125.784
-58.332,-171.955,-227.056,-102.983,-75.812,-131.484
-57.952,-174.045,-227.626,-107.353,-77.332,-136.424
-59.852,-174.235,-232.187,-114.383,-79.422,-135.854
-54.912,-172.335,-235.227,-112.673,-78.662,-132.054
-44.081,-168.535,-237.127,-114.193,-79.422,-140.224
-44.081,-161.885,-236.557,-113.433,-79.042,-144.404
-42.941,-160.365,-239.597,-110.203,-78.472,-139.844
-39.901,-157.134,-243.777,-108.303,-78.662,-134.144
-38.761,-158.274,-240.357,-106.403,-77.332,-134.714
-36.291,-153.524,-235.797,-105.453,-79.042,-136.614
-34.391,-151.624,-236.937,-102.223,-78.852,-136.424
-34.011,-150.104,-234.087,-102.033,-76.192,-130.154
-34.391,-147.634,-230.096,-106.023,-78.662,-132.244
-35.531,-147.064,-234.657,-108.873,-79.232,-141.364
-32.301,-153.524,-238.837,-110.013,-76.192,-140.414
-32.301,-150.484,-239.217,-112.863,-77.712,-135.664
-37.621,-152.764,-244.917,-114.193,-81.512,-135.094
-38.761,-158.844,-248.147,-115.903,-81.892,-135.474
-37.621,-159.794,-247.387,-115.713,-81.132,-137.754
-41.421,-158.654,-246.057,-113.813,-78.092,-132.244
-45.601,-159.224,-247.197,-113.053,-80.372,-131.104
-43.701,-159.034,-252.897,-110.963,-78.092,-137.754
-38.761,-158.274,-243.967,-111.533,-74.862,-135.664
-38.191,-157.514,-245.107,-110.013,-72.772,-130.344
-38.571,-154.664,-245.107,-109.253,-74.102,-130.154
-41.231,-151.434,-240.357,-104.123,-77.142,-134.714
-46.171,-156.564,-238.457,-102.983,-79.422,-138.894
-51.301,-161.885,-237.697,-100.893,-80.562,-134.524
-50.921,-164.925,-244.347,-98.993,-81.512,-131.484
-51.301,-163.975,-239.977,-98.993,-79.232,-128.634
-50.351,-165.115,-232.757,-98.423,-72.962,-131.674
-51.871,-167.775,-228.196,-99.373,-68.022,-127.304
-53.011,-170.815,-225.346,-99.753,-67.072,-123.693
-55.862,-168.915,-224.206,-101.843,-66.312,-129.014
-49.781,-171.575,-225.726,-102.413,-68.972,-133.004
-52.251,-171.575,-227.436,-106.403,-71.252,-126.734
-62.892,-172.335,-227.436,-106.023,-70.302,-120.653
-64.792,-175.565,-225.726,-101.653,-66.502,-122.363
-68.022,-179.935,-221.926,-98.423,-66.312,-126.734
-70.682,-176.705,-225.536,-96.523,-65.932,-122.553
-72.772,-174.995,-226.296,-98.803,-67.262,-116.853
-70.872,-178.985,-224.966,-99.373,-62.132,-113.053
-68.212,-177.085,-220.596,-95.573,-60.042,-114.573
-69.542,-180.695,-218.316,-93.673,-62.132,-118.373
-78.662,-184.305,-219.456,-99.373,-62.892,-118.183
-88.923,-188.675,-228.196,-98.613,-65.932,-118.563
-92.533,-193.615,-234.467,-103.173,-69.922,-124.834
-93.293,-195.706,-236.937,-107.543,-68.972,-128.254
-91.773,-196.846,-233.897,-103.933,-64.032,-122.553
-83.222,-193.235,-222.496,-97.473,-59.472,-120.083
-72.582,-187.725,-216.796,-88.542,-57.952,-121.983
-70.492,-182.215,-210.146,-81.512,-59.472,-126.354
-69.352,-177.465,-208.626,-75.242,-58.142,-124.644
-72.392,-180.505,-206.346,-73.152,-56.242,-114.003
-73.532,-183.355,-205.586,-79.042,-58.522,-116.853
-78.282,-188.485,-207.296,-84.552,-62.892,-128.444
-84.552,-194.185,-218.696,-90.253,-65.742,-126.924
-90.633,-200.836,-225.916,-95.573,-65.172,-124.644
-89.873,-200.456,-225.726,-100.703,-68.212,-126.164
-91.013,-194.945,-224.016,-98.423,-67.832,-129.204
-87.972,-190.005,-220.596,-88.923,-67.832,-122.553
-79.612,-182.215,-217.936,-81.322,-68.592,-114.763
-78.852,-174.615,-212.806,-75.242,-62.322,-113.623
-82.272,-179.935,-210.336,-71.632,-60.422,-117.993
-91.583,-185.445,-214.136,-79.042,-60.992,-117.043
-102.223,-190.765,-225.726,-87.212,-67.262,-115.713
-101.843,-194.945,-236.937,-93.103,-69.732,-119.893
-99.373,-195.706,-228.386,-94.433,-67.832,-124.263
-94.813,-192.665,-226.296,-96.333,-66.692,-125.594
-91.393,-193.615,-226.486,-96.903,-64.222,-120.463
-92.913,-192.475,-219.836,-94.813,-59.662,-119.133
-93.103,-187.725,-218.506,-90.253,-61.752,-120.273
-91.393,-182.215,-217.746,-87.022,-64.792,-119.133
-90.823,-180.315,-217.556,-78.092,-60.042,-115.143
-93.293,-181.455,-210.716,-75.242,-62.512,-113.243
-94.053,-181.075,-212.236,-79.232,-63.842,-121.033
-95.193,-183.735,-214.896,-84.932,-65.362,-128.254
-93.293,-190.385,-216.796,-92.153,-61.562,-125.214
-96.143,-195.325,-220.216,-95.003,-61.372,-124.263
-99.183,-193.995,-220.216,-94.053,-65.742,-127.304
-98.423,-186.395,-220.026,-95.573,-66.882,-127.494
-97.853,-184.495,-222.496,-93.103,-62.132,-122.363
-100.133,-186.015,-216.606,-92.533,-61.752,-115.903
-99.563,-188.105,-209.386,-90.823,-58.332,-115.713
-93.863,-185.255,-204.256,-87.782,-58.142,-118.373
-91.013,-183.735,-212.236,-87.972,-59.852,-118.373
-95.193,-185.445,-216.986,-92.533,-58.902,-120.273
-100.133,-189.055,-217.176,-95.383,-59.662,-122.933
-103.743,-191.715,-219.836,-98.233,-65.362,-127.684
-106.783,-187.915,-225.156,-97.093,-62.512,-125.024
-102.793,-184.305,-224.586,-93.863,-60.042,-113.053
-98.993,-184.305,-220.596,-93.293,-58.902,-113.623
-94.813,-184.875,-215.086,-94.243,-61.182,-118.373
-94.243,-187.345,-214.516,-87.212,-63.082,-118.753
-96.143,-187.915,-220.026,-86.072,-60.232,-113.433
-100.323,-190.955,-219.646,-87.022,-58.332,-109.633
-99.183,-192.285,-220.026,-91.013,-59.852,-116.473
-98.803,-192.095,-216.416,-91.393,-60.992,-120.843
-101.273,-193.235,-217.556,-89.493,-58.332,-116.283
-100.323,-192.095,-215.656,-91.203,-60.612,-114.003
-101.653,-192.665,-213.946,-91.773,-62.892,-122.743
-98.043,-190.575,-214.326,-88.542,-61.752,-124.834
-100.703,-186.015,-213.756,-87.592,-59.282,-123.123
-97.283,-183.925,-214.516,-88.162,-57.192,-119.323
-90.443,-186.015,-208.436,-88.732,-59.852,-119.703
-91.393,-187.345,-206.536,-86.072,-59.472,-126.734
-98.993,-192.475,-206.536,-91.583,-59.852,-125.404
-104.503,-196.086,-216.986,-95.383,-59.472,-118.563
-104.123,-197.986,-220.026,-98.233,-57.952,-123.883
-106.403,-194.755,-220.216,-101.653,-59.852,-131.864
-106.593,-192.665,-220.976,-101.843,-66.122,-128.634
-102.983,-186.965,-225.156,-100.513,-71.062,-127.114
-101.843,-185.255,-223.826,-91.963,-72.012,-125.404
-100.893,-182.405,-218.886,-92.343,-71.822,-127.684
-98.993,-185.065,-219.646,-92.533,-67.452,-125.974
-102.413,-184.495,-224.206,-92.153,-65.552,-118.563
-105.073,-186.395,-226.676,-92.343,-66.122,-113.813
-106.783,-185.635,-220.786,-88.542,-61.752,-115.713
-105.263,-188.295,-220.976,-91.013,-60.422,-117.613
-104.123,-190.195,-224.016,-93.483,-61.942,-113.623
-104.123,-190.955,-223.446,-95.763,-64.032,-116.093
-99.753,-191.715,-221.736,-92.533,-64.792,-122.553
-97.663,-186.205,-219.836,-87.022,-65.362,-122.363
-97.473,-181.835,-220.406,-85.312,-63.652,-117.043
-98.233,-184.115,-224.206,-82.842,-60.612,-118.563
-98.233,-183.165,-220.026,-84.172,-60.232,-124.834
-99.563,-184.875,-217.176,-85.502,-61.372,-126.164
-105.073,-190.765,-219.836,-93.483,-61.752,-121.983
-107.733,-192.475,-223.446,-105.073,-62.322,-117.993
-106.593,-192.095,-225.536,-104.313,-65.172,-124.644
-104.693,-194.945,-225.346,-101.843,-67.642,-130.154
-103.743,-195.896,-222.686,-99.563,-67.262,-124.453
-100.133,-190.005,-218.126,-98.043,-68.592,-119.703
-95.953,-184.875,-216.986,-91.203,-69.162,-123.693
-92.533,-182.025,-217.366,-91.393,-68.402,-124.263
-94.243,-179.935,-215.276,-88.732,-64.982,-124.073
-93.863,-183.165,-211.856,-86.832,-65.552,-116.093
-95.193,-190.195,-215.086,-90.823,-60.992,-115.903
-102.793,-194.375,-217.556,-92.343,-62.892,-120.273
-104.503,-193.805,-221.356,-92.913,-66.122,-118.943
-104.883,-189.055,-221.926,-88.923,-63.842,-110.773
-106.783,-182.025,-217.936,-83.602,-60.422,-110.203
-104.313,-182.595,-210.336,-78.092,-59.092,-112.293
-107.353,-184.685,-211.666,-78.282,-61.752,-118.563
-106.213,-183.735,-220.976,-79.232,-62.322,-113.813
-102.033,-183.355,-226.866,-84.932,-66.312,-114.573
-97.473,-184.685,-222.116,-88.732,-66.882,-122.173
-91.773,-188.295,-219.646,-91.583,-67.072,-128.254
-92.533,-182.405,-216.986,-92.153,-63.272,-127.684
-92.913,-179.365,-212.616,-91.013,-65.552,-124.644
-90.823,-178.605,-209.576,-93.483,-62.892,-126.734
-90.253,-180.885,-201.976,-91.583,-56.432,-124.263
-91.393,-183.925,-198.366,-89.113,-56.812,-120.083
-96.333,-183.355,-203.686,-87.022,-55.102,-113.813
-99.753,-184.685,-209.386,-89.873,-58.142,-119.893
-94.623,-182.595,-212.426,-92.913,-63.842,-123.883
-96.903,-180.505,-215.086,-90.633,-64.222,-121.033
-98.233,-184.875,-216.036,-94.623,-65.932,-118.373
-95.193,-189.245,-218.506,-98.233,-68.212,-121.793
-99.373,-189.815,-219.076,-97.663,-66.882,-126.924
-101.653,-190.195,-218.696,-95.383,-61.752,-123.503
-101.083,-191.145,-217.366,-98.043,-58.902,-115.903
-102.793,-185.825,-217.746,-92.343,-60.422,-110.773
-102.223,-182.785,-217.556,-87.592,-60.232,-116.283
-107.543,-184.115,-225.536,-85.312,-63.652,-116.283
-111.913,-186.395,-234.657,-86.642,-65.742,-115.143
-112.863,-190.005,-234.657,-90.823,-65.742,-115.903
-114.763,-193.235,-233.707,-97.473,-68.592,-124.073
-110.203,-191.335,-232.757,-99.373,-74.672,-129.204
-106.783,-189.055,-232.947,-99.943,-72.582,-129.964
-107.163,-189.625,-226.676,-99.373,-71.822,-127.304
-107.163,-188.295,-226.866,-99.753,-70.112,-129.774
-104.313,-183.735,-224.206,-96.523,-68.212,-129.774
-103.553,-181.075,-223.256,-94.433,-66.312,-124.263
-103.743,-183.925,-222.496,-98.423,-67.452,-122.553
-101.083,-189.435,-221.736,-101.273,-72.392,-129.014
-99.943,-188.675,-220.406,-101.843,-70.872,-134.714
-103.363,-191.525,-223.826,-107.543,-73.912,-128.634
-108.113,-191.905,-231.807,-109.633,-74.292,-127.874
-108.303,-189.435,-233.707,-111.723,-73.532,-132.244
-107.923,-190.955,-232.947,-113.433,-74.862,-128.634
-109.253,-190.385,-234.087,-105.453,-72.582,-122.553
-112.483,-185.255,-237.127,-96.713,-68.022,-110.393
-109.443,-186.395,-229.906,-92.343,-65.742,-110.393
-99.753,-190.765,-223.256,-87.782,-62.512,-115.333
-98.043,-188.485,-217.936,-84.932,-64.222,-114.193
-98.803,-187.915,-217.556,-81.322,-59.472,-114.953
-97.093,-188.485,-217.176,-83.032,-62.322,-115.523
-95.763,-187.155,-211.286,-84.742,-62.132,-118.943
-96.713,-182.595,-209.006,-83.982,-60.232,-118.183
-98.043,-175.945,-209.956,-78.092,-59.282,-107.923
-103.363,-178.225,-211.666,-74.862,-61.752,-108.113
-105.073,-180.125,-212.806,-80.752,-63.272,-116.853
-104.883,-180.695,-219.836,-85.502,-66.882,-121.223
-105.453,-182.595,-230.666,-90.063,-72.582,-122.743
-106.213,-186.585,-232.377,-93.863,-76.762,-125.404
-106.403,-183.165,-229.906,-92.153,-78.092,-132.054
-109.633,-185.445,-228.196,-93.483,-73.912,-134.144
-108.683,-186.205,-231.617,-95.003,-71.822,-128.254
-107.163,-185.255,-236.177,-94.623,-75.622,-122.173
-108.113,-186.775,-233.517,-91.583,-74.672,-122.933
-110.773,-188.105,-228.576,-91.583,-72.772,-128.444
-108.113,-189.245,-228.576,-93.863,-68.782,-125.214
-108.113,-183.925,-229.716,-88.923,-68.402,-119.513
-110.773,-183.355,-224.016,-87.592,-68.212,-116.093
-104.123,-183.735,-222.686,-82.272,-66.502,-116.663
-101.083,-181.075,-222.686,-83.222,-65.552,-111.343
-103.743,-181.455,-221.736,-76.952,-62.892,-105.453
-105.453,-182.785,-220.976,-81.702,-62.132,-110.393
-102.983,-182.405,-216.036,-82.842,-62.322,-117.993
-101.273,-182.405,-217.936,-80.372,-61.372,-115.143
-98.043,-181.265,-220.976,-79.992,-59.662,-111.343
-97.283,-183.925,-218.506,-77.142,-64.412,-115.713
-100.703,-184.875,-217.366,-77.712,-67.452,-120.843
-104.693,-183.165,-223.446,-80.942,-64.222,-116.663
-111.723,-184.875,-227.246,-81.892,-63.842,-107.353
-114.193,-184.495,-231.426,-79.802,-64.982,-111.153
-106.973,-184.305,-229.146,-83.412,-65.932,-115.903
-100.513,-182.405,-225.156,-84.552,-64.602,-117.233
-99.943,-183.355,-225.156,-86.452,-63.462,-113.623
-94.433,-186.585,-222.116,-87.402,-63.652,-114.573
-85.502,-182.215,-212.616,-84.742,-65.742,-119.703
-80.372,-175.755,-204.636,-78.472,-62.892,-124.453
-83.222,-174.425,-205.016,-76.382,-61.372,-120.463
-88.923,-175.375,-210.906,-78.282,-62.702,-119.893
-96.143,-178.985,-217.176,-83.412,-68.212,-122.933
-100.133,-180.695,-222.116,-91.013,-71.252,-123.503
-103.933,-184.495,-228.766,-96.143,-70.302,-118.183
-107.353,-195.135,-235.227,-102.033,-71.822,-115.713
-106.403,-191.145,-237.317,-101.653,-72.202,-119.703
-106.213,-189.245,-235.037,-100.893,-73.532,-122.743
-104.313,-186.585,-234.087,-95.003,-71.062,-117.233
-106.023,-187.725,-229.526,-92.913,-69.542,-116.473
-108.493,-184.495,-222.496,-92.533,-66.692,-120.653
-106.403,-182.975,-218.316,-89.873,-66.502,-123.503
-100.133,-184.115,-217.366,-81.892,-63.842,-119.893
-98.423,-184.305,-219.076,-76.952,-61.372,-115.143
-99.563,-183.925,-219.456,-77.712,-65.742,-114.763
-98.233,-182.975,-220.406,-78.092,-64.982,-119.893
-98.233,-179.365,-219.836,-80.372,-62.512,-117.423
-97.853,-179.365,-218.126,-79.232,-61.942,-113.623
-97.093,-172.905,-217.936,-78.092,-67.642,-113.433
-99.183,-175.565,-217.366,-81.132,-67.072,-114.003
-96.523,-178.985,-218.126,-80.942,-67.072,-116.473
-95.763,-179.935,-225.346,-89.303,-64.792,-118.373
-104.313,-183.925,-229.146,-94.623,-65.552,-121.793
-104.693,-185.065,-226.866,-99.183,-65.932,-126.544
-100.893,-184.305,-225.726,-95.573,-68.022,-130.534
-98.233,-182.405,-231.617,-91.583,-68.972,-123.313
-98.423,-182.785,-236.177,-95.763,-70.112,-119.133
-96.143,-181.645,-230.286,-95.763,-70.682,-124.453
-91.773,-182.215,-225.156,-89.303,-66.692,-126.354
-92.153,-180.125,-222.496,-87.212,-61.942,-114.573
-97.283,-175.755,-219.456,-83.222,-64.792,-108.113
-99.183,-175.945,-221.926,-81.702,-68.212,-111.153
-100.133,-176.895,-225.916,-83.792,-72.582,-114.763
-102.033,-176.895,-229.906,-86.642,-73.532,-115.903
-102.793,-178.415,-236.747,-88.923,-71.632,-112.483
-103.743,-180.695,-235.987,-88.162,-68.592,-118.943
-104.313,-182.215,-237.507,-90.253,-66.882,-123.693
-103.363,-186.395,-235.417,-92.533,-67.642,-121.983
-102.413,-186.395,-235.037,-95.003,-63.082,-116.663
-103.933,-192.665,-236.937,-102.223,-64.982,-118.373
-103.553,-192.475,-235.417,-104.693,-71.252,-126.544
-106.593,-193.995,-236.557,-108.493,-72.772,-126.924
-105.453,-189.625,-240.357,-109.443,-73.722,-122.363
-101.843,-187.725,-240.547,-103.363,-68.782,-117.233
-93.103,-184.495,-239.597,-97.853,-72.012,-120.653
-88.542,-181.455,-230.856,-90.823,-71.442,-126.734
-87.782,-179.175,-227.816,-86.262,-65.932,-118.943
-87.782,-179.555,-223.256,-80.752,-66.312,-114.763
-82.652,-178.035,-216.986,-75.622,-67.642,-115.713
-77.902,-176.515,-208.246,-71.632,-65.742,-118.183
-79.232,-170.245,-211.666,-69.922,-63.652,-119.323
-83.792,-170.055,-220.976,-70.872,-66.882,-117.043
-87.212,-170.435,-220.596,-70.492,-67.072,-118.183
-85.122,-174.045,-225.346,-75.432,-70.872,-118.753
-88.162,-174.045,-228.006,-79.042,-69.922,-115.713
-88.732,-175.565,-231.617,-78.092,-70.492,-110.013
-84.932,-178.795,-229.526,-80.752,-68.782,-117.043
-81.322,-179.365,-224.776,-83.222,-65.172,-119.323
-82.272,-177.845,-220.976,-79.042,-60.802,-114.763
-82.462,-176.325,-220.026,-72.582,-59.282,-108.493
-81.322,-178.605,-216.226,-72.202,-60.992,-109.063
-82.842,-176.135,-214.706,-73.912,-59.282,-114.193
-83.982,-176.515,-223.636,-75.432,-59.852,-112.293
-81.512,-178.415,-223.256,-75.432,-60.042,-111.913
-82.272,-180.125,-223.256,-77.332,-65.932,-113.053
-86.642,-183.165,-221.926,-81.132,-67.452,-117.613
-92.153,-186.395,-225.916,-83.032,-65.932,-123.503
-93.293,-187.345,-226.866,-82.082,-69.162,-116.473
-91.963,-181.265,-226.296,-83.982,-70.302,-115.903
-82.082,-181.835,-219.266,-79.232,-68.782,-127.304
-78.092,-177.465,-214.516,-75.432,-71.252,-128.824
-80.182,-177.275,-212.996,-75.242,-68.592,-119.133
-83.412,-181.455,-213.376,-74.102,-67.262,-116.663
-83.602,-179.935,-209.956,-77.332,-69.732,-117.803
-81.132,-181.265,-212.046,-80.562,-70.112,-120.273
-79.992,-179.175,-218.696,-82.272,-68.782,-119.513
-77.712,-175.565,-224.206,-84.552,-69.732,-118.943
-77.902,-180.315,-224.396,-86.262,-75.242,-122.553
-79.232,-179.555,-221.546,-82.272,-70.112,-119.133
-76.382,-177.845,-218.126,-78.092,-64.222,-114.383
-72.582,-172.335,-213.186,-77.712,-63.462,-115.713
-69.542,-169.485,-205.396,-80.182,-62.892,-116.663
-76.952,-174.425,-207.296,-77.902,-66.122,-114.953
-80.372,-174.995,-213.186,-77.902,-67.072,-111.343
-75.812,-172.715,-218.506,-78.092,-68.022,-111.913
-75.622,-170.815,-216.986,-83.032,-69.732,-116.663
-74.292,-173.475,-214.516,-83.982,-71.822,-122.743
-71.632,-174.235,-215.086,-84.552,-72.392,-121.413
-73.912,-171.765,-221.546,-81.702,-71.822,-117.043
-76.002,-168.345,-222.116,-78.472,-71.632,-118.563
-75.812,-167.205,-220.596,-79.042,-69.352,-119.893
-73.722,-170.815,-220.976,-83.412,-68.782,-121.223
-82.272,-173.475,-224.586,-80.752,-70.302,-120.273
-85.882,-171.575,-225.726,-77.142,-69.732,-122.743
-82.652,-177.085,-227.626,-79.612,-70.872,-126.544
-83.792,-176.515,-227.436,-83.602,-70.682,-127.874
-83.032,-173.095,-229.336,-83.982,-72.962,-122.173
-85.312,-171.575,-224.966,-83.032,-71.252,-118.373
-82.842,-174.045,-220.596,-83.032,-74.672,-125.404
-83.602,-177.655,-219.076,-84.932,-73.342,-126.164
-82.272,-174.425,-220.976,-83.032,-68.782,-120.273
-80.752,-176.705,-224.206,-85.312,-68.212,-112.483
-85.122,-178.415,-222.306,-84.932,-68.022,-119.703
-86.642,-177.275,-222.306,-82.652,-69.352,-118.563
-87.402,-178.605,-221.546,-83.222,-67.072,-112.673
-89.303,-179.935,-220.976,-84.742,-60.802,-111.153
-90.633,-179.555,-218.126,-83.982,-61.942,-112.483
-84.932,-178.985,-216.986,-81.702,-62.512,-119.703
-86.642,-177.655,-217.746,-82.462,-67.262,-118.183
-88.352,-177.845,-216.986,-84.932,-70.492,-115.713
-83.982,-179.365,-209.576,-84.172,-67.452,-121.223
-84.172,-176.325,-208.246,-81.322,-68.782,-122.933
-84.552,-179.365,-216.416,-87.782,-68.022,-121.033
-90.823,-181.455,-224.206,-88.352,-68.782,-113.623
-96.713,-191.715,-223.636,-92.153,-71.252,-114.953
-97.093,-193.615,-225.346,-95.573,-69.732,-121.793
-95.193,-190.385,-222.496,-95.953,-68.022,-122.933
-96.143,-188.485,-224.586,-93.673,-70.492,-123.313
-97.093,-186.965,-226.866,-95.383,-68.212,-124.834
-92.533,-188.865,-219.646,-96.523,-72.012,-130.914
-93.673,-191.335,-218.696,-92.723,-72.582,-130.154
-96.713,-188.105,-221.736,-90.253,-72.392,-124.263
-96.713,-187.725,-223.826,-95.573,-76.002,-122.173
-94.243,-187.155,-220.406,-98.043,-72.202,-124.453
-95.953,-185.255,-220.786,-92.343,-68.972,-120.083
-97.473,-186.965,-223.446,-89.873,-66.692,-112.483
-95.953,-186.585,-217.366,-87.592,-72.582,-110.583
-98.993,-187.345,-219.646,-88.923,-72.392,-116.473
-99.943,-184.305,-230.286,-89.113,-71.822,-121.033
-100.893,-184.875,-230.856,-91.013,-72.202,-120.273
-99.183,-186.775,-228.006,-93.863,-72.772,-117.043
-98.423,-185.825,-224.586,-93.483,-71.822,-117.233
-94.053,-179.365,-217.176,-89.493,-73.342,-124.644
-95.003,-181.645,-221.926,-86.832,-75.432,-124.834
-95.573,-181.455,-227.816,-89.303,-74.672,-121.223
-96.143,-184.685,-231.997,-90.443,-73.912,-119.893
-94.243,-184.305,-226.486,-92.153,-73.912,-126.354
-93.103,-182.405,-221.166,-92.723,-75.622,-126.544
-98.233,-183.925,-225.536,-95.193,-78.092,-123.313
-102.603,-187.345,-227.436,-99.563,-79.232,-126.164
-104.693,-189.055,-230.096,-103.553,-83.032,-132.434
-105.453,-189.815,-239.217,-106.403,-81.892,-138.704
-104.883,-191.715,-239.977,-104.123,-81.132,-136.044
-101.843,-192.285,-240.167,-105.453,-83.982,-137.944
-99.563,-190.005,-237.697,-102.603,-82.462,-137.184
-95.003,-187.535,-233.707,-98.043,-82.842,-136.044
-95.573,-187.345,-234.467,-98.233,-81.702,-130.534
-98.613,-190.575,-229.526,-98.993,-82.462,-125.404
-99.183,-193.995,-219.456,-98.613,-81.512,-125.594
-99.943,-188.105,-221.736,-100.703,-78.852,-128.064
-101.273,-187.725,-231.617,-99.183,-78.852,-127.304
-100.893,-188.865,-232.757,-95.573,-78.852,-123.313
-99.183,-185.255,-223.636,-94.623,-81.512,-123.883
-96.903,-182.595,-220.786,-93.293,-81.132,-128.634
-94.623,-186.205,-221.166,-93.293,-77.142,-124.834
-93.483,-181.265,-222.876,-87.212,-77.142,-121.413
-88.542,-178.415,-216.416,-84.742,-80.182,-124.073
-88.162,-180.125,-212.046,-83.982,-79.422,-129.964
-90.443,-180.885,-216.796,-86.832,-80.942,-128.064
-94.433,-183.735,-219.646,-87.592,-83.792,-122.933
-98.233,-186.205,-217.176,-88.352,-82.652,-130.344
-98.233,-186.015,-213.946,-92.723,-81.702,-135.094
-99.183,-186.015,-215.276,-91.013,-78.852,-130.724
-100.703,-184.685,-221.736,-87.782,-81.322,-124.453
-105.833,-184.495,-221.546,-89.493,-83.032,-126.354
