FP1,FP2,F3,F4,C3,C4,P3,P4,O1,O2,F7,F8,T3,T4,T5,T6,A1,A2,FZ,CZ,PZ
739.80000,-0.32311,-0.39300,0.46239,-0.08816,0.62676,0.00218,0.31661,0.29658,0.23851,0.11238,0.14089,-0.25132,0.54724,0.12188,0.45339,0.05863,0.19529,-0.01628,0.01479,0.29484,0.24667
739.80400,-0.27073,-0.25761,0.68455,-0.02923,0.62676,0.16533,0.42840,0.39023,0.34802,0.16741,0.22917,0.02775,0.62562,0.26327,0.51883,0.15005,0.19529,0.06621,0.11749,0.46827,0.27870
739.80800,-0.37550,-0.30274,0.31428,-0.55960,0.38129,0.11094,0.39114,0.39023,0.45753,0.24996,0.27331,-0.09185,0.58643,0.26327,0.55155,0.11958,0.16643,-0.01628,-0.19061,0.20812,0.34277
739.81200,-0.37550,-0.34787,0.01807,-0.67746,0.46311,0.05656,0.42840,0.39023,0.53967,0.30500,0.27331,-0.29119,0.62562,0.26327,0.64971,0.18052,0.16643,-0.04377,-0.39601,0.12140,0.37480
739.81600,-0.21834,-0.25761,0.24023,0.32435,0.70858,0.16533,0.61473,0.48389,0.56704,0.36003,0.40573,-0.05199,0.66480,0.36931,0.74788,0.27194,0.22414,0.09371,-0.08791,0.38155,0.34277
739.82000,-0.16596,-0.12221,0.68455,0.38328,0.79040,0.38287,0.72652,0.63998,0.67655,0.47010,0.62643,0.22708,0.78237,0.51070,0.84604,0.42430,0.31070,0.23119,0.11749,0.55498,0.34277
739.82400,-0.32311,-0.21247,0.38834,0.02970,0.70858,0.32848,0.72652,0.63998,0.78606,0.58016,0.49401,0.26695,0.74318,0.54605,0.91148,0.48525,0.31070,0.23119,-0.19061,0.29484,0.40684
739.82800,-0.42788,-0.34787,0.01807,-0.08816,0.54494,0.11094,0.65199,0.54633,0.78606,0.60768,0.09675,0.02775,0.66480,0.47535,0.87876,0.39383,0.22414,0.17619,-0.49871,0.03469,0.40684
739.83200,-0.27073,-0.21247,0.31428,-0.02923,0.70858,0.27410,0.72652,0.60877,0.78606,0.58016,0.22917,-0.01212,0.66480,0.44000,0.91148,0.45478,0.31070,0.25868,-0.19061,0.29484,0.37480
739.83600,-0.21834,-0.21247,0.53644,0.26542,0.79040,0.43725,0.83832,0.67120,0.75869,0.60768,0.44987,0.18722,0.66480,0.51070,0.94420,0.51572,0.31070,0.31367,0.01479,0.55498,0.34277
739.84000,-0.42788,-0.39300,0.24023,-0.02923,0.70858,0.32848,0.76379,0.60877,0.75869,0.58016,0.22917,0.14735,0.58643,0.44000,0.87876,0.45478,0.19529,0.23119,-0.29331,0.29484,0.40684
739.84400,-0.63742,-0.52839,-0.05598,-0.14709,0.46311,0.21971,0.61473,0.51511,0.70393,0.49761,-0.03567,-0.25132,0.42967,0.29861,0.74788,0.30241,0.13758,0.06621,-0.60141,0.12140,0.43887
739.84800,-0.58504,-0.48326,0.16618,-0.02923,0.46311,0.27410,0.57746,0.48389,0.59442,0.38755,-0.21222,-0.33106,0.35129,0.22792,0.64971,0.24147,0.02216,0.03871,-0.39601,0.38155,0.37480
739.85200,-0.53265,-0.39300,0.38834,0.08863,0.62676,0.38287,0.65199,0.48389,0.51229,0.33251,-0.21222,-0.17159,0.31210,0.22792,0.61699,0.24147,0.05101,0.09371,-0.08791,0.64170,0.31073
739.85600,-0.53265,-0.43813,0.01807,-0.02923,0.54494,0.27410,0.61473,0.39023,0.45753,0.27748,-0.30050,-0.25132,0.27291,0.15723,0.55155,0.15005,-0.00669,0.01122,-0.19061,0.55498,0.31073
739.86000,-0.74219,-0.57352,-0.35220,-0.55960,0.29947,0.05656,0.50293,0.20292,0.45753,0.22245,-0.25636,-0.41079,0.23372,-0.01951,0.48611,-0.00232,-0.06440,-0.12626,-0.60141,0.29484,0.34277
739.86400,-0.74219,-0.61865,-0.27814,-0.73639,0.46311,0.00218,0.50293,0.14048,0.40278,0.16741,-0.16808,-0.37093,0.23372,-0.05486,0.48611,-0.00232,-0.03555,-0.09877,-0.49871,0.29484,0.27870
739.86800,-0.58504,-0.48326,0.01807,0.08863,0.54494,0.00218,0.57746,0.14048,0.34802,0.13990,-0.12394,-0.25132,0.27291,0.05118,0.51883,0.05863,-0.00669,0.03871,-0.29331,0.38155,0.15056
739.87200,-0.63742,-0.43813,0.24023,0.14756,0.54494,0.00218,0.61473,0.04683,0.40278,0.16741,0.00847,-0.13172,0.31210,0.08653,0.55155,0.08910,0.02216,0.09371,-0.29331,0.29484,0.15056
739.87600,-0.74219,-0.52839,-0.20409,-0.32388,0.38129,-0.21536,0.50293,-0.07805,0.43016,0.19493,-0.03567,-0.17159,0.31210,0.08653,0.51883,0.05863,0.10872,0.01122,-0.70411,0.03469,0.15056
739.88000,-0.63742,-0.39300,-0.13004,-0.14709,0.38129,-0.21536,0.50293,-0.07805,0.45753,0.22245,-0.03567,-0.25132,0.35129,0.08653,0.48611,0.08910,0.13758,0.12120,-0.60141,0.03469,0.11853
739.88400,-0.48027,-0.30274,0.16618,0.08863,0.54494,0.00218,0.61473,0.04683,0.45753,0.24996,0.05261,-0.17159,0.42967,0.15723,0.58427,0.21099,0.19529,0.25868,-0.19061,0.46827,0.11853
739.88800,-0.42788,-0.30274,0.16618,0.20649,0.62676,0.16533,0.72652,0.17170,0.48491,0.33251,-0.03567,-0.01212,0.42967,0.26327,0.61699,0.30241,0.28185,0.28618,-0.19061,0.46827,0.18260
739.89200,-0.68981,-0.43813,-0.20409,-0.02923,0.46311,0.11094,0.68926,0.20292,0.51229,0.36003,-0.12394,-0.09185,0.35129,0.19257,0.55155,0.24147,0.16643,0.23119,-0.49871,0.29484,0.37480
739.89600,-0.84696,-0.52839,-0.35220,-0.14709,0.38129,0.11094,0.65199,0.26536,0.43016,0.30500,-0.21222,-0.33106,0.23372,0.12188,0.45339,0.15005,-0.00669,0.09371,-0.60141,0.29484,0.47091
739.90000,-0.79458,-0.52839,-0.05598,0.02970,0.46311,0.38287,0.76379,0.42145,0.26589,0.22245,-0.34464,-0.29119,0.15535,0.08653,0.38794,0.15005,-0.09326,0.03871,-0.29331,0.81513,0.53498
739.90400,-0.74219,-0.52839,-0.20409,0.08863,0.54494,0.60041,0.87558,0.57755,0.23851,0.22245,-0.34464,-0.25132,0.11616,0.01584,0.35522,0.15005,-0.09326,-0.09877,-0.08791,1.07528,0.69515
739.90800,-0.95173,-0.66378,-0.64841,-0.08816,0.29947,0.49164,0.83832,0.57755,0.23851,0.22245,-0.47706,-0.49053,-0.00141,-0.09021,0.28978,0.05863,-0.09326,-0.34623,-0.49871,0.98856,0.85532
739.91200,-1.21366,-0.88943,-0.94462,-0.26495,0.13582,0.38287,0.76379,0.57755,0.21114,0.19493,-0.69776,-0.68987,-0.07979,-0.26694,0.25706,-0.09373,-0.03555,-0.48371,-0.70411,1.07528,0.95143
739.91600,-1.21366,-0.93456,-0.64841,-0.14709,0.29947,0.49164,0.83832,0.63998,0.18376,0.11238,-0.78604,-0.80947,-0.04060,-0.40833,0.25706,-0.12421,0.13758,-0.56620,-0.49871,1.42215,0.95143
739.92000,-1.31843,-0.97969,-0.50030,-0.26495,0.29947,0.65479,0.95012,0.70242,0.18376,0.11238,-0.69776,-0.92907,-0.04060,-0.47903,0.28978,-0.15468,0.31070,-0.62119,-0.39601,1.68229,1.01549
739.92400,-1.58036,-1.16022,-0.94462,-0.85425,0.13582,0.54602,0.83832,0.67120,0.23851,0.11238,-0.78604,-1.12841,-0.15817,-0.58507,0.22434,-0.30704,0.28185,-0.78616,-0.70411,1.50886,1.14363
739.92800,-1.68513,-1.25048,-1.38894,-0.44174,-0.10964,0.49164,0.76379,0.67120,0.23851,0.08486,-1.05088,-1.04867,-0.35411,-0.58507,0.09345,-0.36799,0.02216,-0.78616,-0.90951,1.50886,1.23974
739.93200,-1.58036,-1.16022,-1.24084,0.14756,0.05400,0.65479,0.80105,0.76486,0.18376,0.02983,-1.05088,-0.84934,-0.47168,-0.47903,0.02801,-0.30704,-0.23753,-0.53870,-0.49871,1.85573,1.23974
739.93600,-1.47559,-0.97969,-0.64841,0.08863,0.05400,0.87233,0.91285,0.88973,0.15638,0.08486,-1.09502,-0.80947,-0.51087,-0.33764,-0.00471,-0.24610,-0.41066,-0.37372,-0.19061,2.11588,1.27177
739.94000,-1.52797,-0.97969,-1.01868,0.14756,-0.10964,0.81794,0.83832,0.85852,0.15638,0.08486,-1.27158,-0.72973,-0.62844,-0.33764,-0.07015,-0.24610,-0.58378,-0.40122,-0.49871,1.94244,1.33584
739.94400,-1.68513,-1.11509,-1.38894,-0.08816,-0.19146,0.70918,0.76379,0.85852,0.21114,0.11238,-1.22744,-0.72973,-0.66763,-0.33764,-0.13560,-0.24610,-0.69920,-0.40122,-0.70411,1.68229,1.39991
739.94800,-1.58036,-1.02482,-1.09273,0.14756,-0.10964,0.87233,0.83832,0.95217,0.23851,0.16741,-0.91846,-0.65000,-0.62844,-0.26694,-0.10288,-0.09373,-0.72805,-0.31873,-0.60141,1.76901,1.43194
739.95200,-1.47559,-0.88943,-0.72246,0.44221,0.05400,1.08987,1.02465,1.13948,0.29327,0.27748,-0.91846,-0.45066,-0.51087,-0.12555,0.02801,0.11958,-0.67035,-0.18125,-0.29331,2.11588,1.46398
739.95600,-1.52797,-0.88943,-0.79652,0.20649,0.05400,1.08987,1.02465,1.20192,0.43016,0.44258,-1.05088,-0.45066,-0.47168,-0.01951,0.09345,0.24147,-0.49722,-0.15376,-0.49871,1.94244,1.52805
739.96000,-1.73751,-1.02482,-1.16678,-0.02923,0.05400,0.81794,0.98738,1.17070,0.51229,0.58016,-1.18330,-0.61013,-0.43249,-0.05486,0.12617,0.30241,-0.38180,-0.20875,-0.90951,1.50886,1.59212
739.96400,-1.58036,-0.97969,-1.09273,0.02970,0.13582,0.87233,1.06191,1.23314,0.56704,0.63520,-1.05088,-0.57026,-0.35411,-0.01951,0.19162,0.39383,-0.29524,-0.18125,-0.80681,1.59558,1.56008
739.96800,-1.37082,-0.88943,-0.72246,0.32435,0.38129,1.08987,1.17371,1.32680,0.56704,0.69023,-0.91846,-0.37093,-0.23655,0.12188,0.25706,0.54619,-0.15097,-0.09877,-0.49871,1.85573,1.49601
739.97200,-1.42320,-0.84430,-0.72246,0.26542,0.29947,1.08987,1.17371,1.29558,0.62180,0.69023,-1.05088,-0.37093,-0.23655,0.19257,0.25706,0.57667,-0.15097,-0.07127,-0.60141,1.76901,1.49601
739.97600,-1.63274,-1.02482,-1.09273,-0.02923,0.13582,0.87233,1.06191,1.20192,0.67655,0.69023,-0.87432,-0.45066,-0.23655,0.12188,0.28978,0.48525,-0.17982,-0.12626,-1.01221,1.33543,1.52805
739.98000,-1.68513,-1.06995,-1.09273,-0.08816,0.29947,0.81794,1.06191,1.20192,0.67655,0.69023,-0.83018,-0.41079,-0.19736,0.12188,0.32250,0.48525,-0.12211,-0.12626,-1.11491,1.33543,1.49601
739.98400,-1.47559,-0.93456,-0.72246,0.08863,0.46311,1.03548,1.17371,1.26436,0.67655,0.69023,-0.83018,-0.33106,-0.11898,0.22792,0.35522,0.57667,-0.06440,-0.07127,-0.70411,1.59558,1.46398
739.98800,-1.52797,-0.93456,-0.87057,-0.32388,0.46311,1.08987,1.17371,1.23314,0.73131,0.69023,-0.65362,-0.37093,-0.11898,0.22792,0.42066,0.57667,-0.09326,-0.01628,-0.80681,1.50886,1.43194
739.99200,-1.68513,-1.02482,-1.09273,-0.20602,0.38129,0.87233,1.09918,1.17070,0.78606,0.74526,-0.69776,-0.41079,-0.11898,0.22792,0.42066,0.54619,-0.06440,-0.07127,-1.21761,1.24871,1.49601
739.99600,-1.63274,-1.02482,-1.01868,0.20649,0.38129,0.87233,1.09918,1.17070,0.84082,0.80030,-0.69776,-0.33106,-0.04060,0.33396,0.51883,0.57667,-0.00669,-0.04377,-1.21761,1.24871,1.49601
740.00000,-1.42320,-0.93456,-0.72246,0.02970,0.70858,1.08987,1.24824,1.26436,0.86820,0.85533,-0.38878,-0.09185,0.11616,0.44000,0.64971,0.72903,0.05101,0.14870,-0.90951,1.59558,1.49601
740.00400,-1.42320,-0.88943,-0.57436,0.14756,0.70858,1.08987,1.36003,1.29558,0.92295,0.93788,-0.38878,-0.13172,0.19453,0.47535,0.71516,0.82045,0.10872,0.23119,-0.90951,1.59558,1.49601
740.00800,-1.58036,-1.02482,-0.79652,-0.14709,0.62676,0.98110,1.28550,1.26436,1.05984,1.04795,-0.60948,-0.21146,0.23372,0.47535,0.81332,0.85092,0.28185,0.25868,-1.32031,1.16200,1.56008
740.01200,-1.63274,-1.06995,-0.94462,-0.26495,0.70858,0.92671,1.32277,1.26436,1.11459,1.13050,-0.56534,-0.09185,0.31210,0.58139,0.87876,0.91187,0.33956,0.28618,-1.52571,1.07528,1.59212
740.01600,-1.52797,-0.93456,-0.72246,0.02970,0.87222,1.08987,1.47183,1.38924,1.16935,1.21305,-0.38878,0.14735,0.39048,0.68744,0.97692,1.06423,0.36841,0.45115,-1.11491,1.42215,1.56008
740.02000,-1.31843,-0.88943,-0.57436,0.08863,1.03587,1.30741,1.62089,1.51411,1.27886,1.29560,-0.30050,0.26695,0.54724,0.82883,1.14053,1.18612,0.51269,0.58863,-1.01221,1.59558,1.59212
740.02400,-1.42320,-0.93456,-0.87057,-0.08816,0.95405,1.14425,1.54636,1.48289,1.33361,1.37815,-0.43292,0.10748,0.54724,0.75813,1.14053,1.15565,0.51269,0.50615,-1.42301,1.33543,1.65619
740.02800,-1.58036,-0.97969,-1.09273,-0.20602,0.79040,1.03548,1.47183,1.45167,1.38837,1.40567,-0.60948,-0.05199,0.58643,0.79348,1.20597,1.18612,0.54154,0.45115,-1.62841,1.16200,1.68822
740.03200,-1.42320,-0.88943,-0.72246,-0.02923,1.03587,1.19864,1.62089,1.57655,1.41575,1.46070,-0.21222,0.02775,0.66480,0.93487,1.30414,1.30801,0.68581,0.67112,-1.42301,1.33543,1.62415
740.03600,-1.21366,-0.79917,-0.35220,0.02970,1.11769,1.36179,1.69542,1.63899,1.41575,1.51573,0.05261,0.26695,0.74318,1.00556,1.33686,1.36896,0.71467,0.75361,-1.11491,1.50886,1.59212
740.04000,-1.31843,-0.79917,-0.57436,-0.55960,1.03587,1.25302,1.62089,1.60777,1.47050,1.54325,-0.07980,0.14735,0.74318,0.93487,1.33686,1.30801,0.74352,0.69862,-1.42301,1.24871,1.59212
740.04400,-1.47559,-0.88943,-0.94462,-0.44174,0.95405,0.92671,1.50909,1.48289,1.49788,1.51573,-0.12394,0.02775,0.70399,0.82883,1.30414,1.24707,0.71467,0.67112,-1.73111,0.90185,1.59212
740.04800,-1.31843,-0.84430,-0.72246,0.20649,1.03587,0.98110,1.50909,1.48289,1.47050,1.46070,-0.07980,0.10748,0.74318,0.82883,1.30414,1.27754,0.77237,0.72611,-1.52571,0.98856,1.49601
740.05200,-1.05650,-0.66378,-0.20409,0.08863,1.19951,1.19864,1.58362,1.57655,1.47050,1.46070,0.22917,0.18722,0.82156,1.00556,1.36958,1.33849,0.80123,0.86359,-1.21761,1.24871,1.46398
740.05600,-1.10889,-0.66378,-0.27814,0.02970,1.11769,1.08987,1.54636,1.57655,1.47050,1.48822,0.09675,0.26695,0.78237,1.00556,1.33686,1.33849,0.91665,0.86359,-1.32031,1.07528,1.49601
740.06000,-1.26605,-0.79917,-0.64841,-0.20602,0.95405,0.92671,1.39730,1.48289,1.49788,1.48822,-0.16808,0.18722,0.70399,0.93487,1.30414,1.27754,0.88779,0.80860,-1.73111,0.72842,1.52805
740.06400,-1.21366,-0.75404,-0.42625,-0.08816,0.95405,0.98110,1.36003,1.51411,1.44312,1.46070,-0.12394,0.22708,0.74318,1.04091,1.27142,1.27754,0.85894,0.78110,-1.62841,0.81513,1.46398
740.06800,-1.00412,-0.66378,-0.13004,0.14756,1.11769,1.19864,1.43456,1.54533,1.41575,1.46070,0.00847,0.50616,0.78237,1.14695,1.30414,1.36896,0.97436,0.97358,-1.11491,1.07528,1.36787
740.07200,-0.84696,-0.57352,-0.20409,0.14756,1.03587,1.19864,1.36003,1.45167,1.38837,1.40567,0.05261,0.62576,0.78237,1.11161,1.30414,1.33849,0.94550,1.08356,-1.11491,1.07528,1.33584
740.07600,-1.00412,-0.61865,-0.50030,0.02970,0.79040,0.98110,1.13644,1.26436,1.36099,1.35063,-0.12394,0.34669,0.66480,1.07626,1.14053,1.21659,0.94550,0.97358,-1.32031,0.72842,1.30381
740.08000,-0.89935,-0.52839,-0.50030,0.08863,0.70858,0.98110,1.02465,1.17070,1.25148,1.29560,-0.16808,0.22708,0.62562,1.04091,1.04237,1.18612,0.94550,1.00107,-1.32031,0.64170,1.17567
740.08400,-0.63742,-0.30274,-0.13004,0.38328,0.87222,1.14425,1.06191,1.20192,1.19673,1.24057,0.22917,0.50616,0.62562,1.07626,1.04237,1.24707,0.91665,1.02857,-0.80681,0.90185,1.07956
740.08800,-0.58504,-0.25761,0.01807,-0.02923,0.87222,1.19864,1.06191,1.23314,1.22410,1.26808,0.22917,0.54602,0.66480,1.00556,1.04237,1.24707,0.91665,1.08356,-0.70411,0.81513,1.07956
740.09200,-0.63742,-0.34787,-0.27814,-0.20602,0.62676,1.03548,0.91285,1.17070,1.25148,1.29560,0.22917,0.42642,0.62562,1.00556,1.00965,1.24707,0.97436,1.08356,-1.01221,0.64170,1.11160
740.09600,-0.68981,-0.34787,-0.50030,0.44221,0.62676,0.87233,0.87558,1.13948,1.22410,1.26808,0.27331,0.50616,0.62562,1.04091,1.00965,1.24707,1.08977,1.08356,-1.01221,0.55498,1.11160
740.10000,-0.48027,-0.25761,-0.13004,0.50114,0.79040,1.03548,0.98738,1.20192,1.19673,1.26808,0.22917,0.66563,0.70399,1.11161,1.07509,1.30801,1.11863,1.08356,-0.60141,0.72842,1.04753
740.10400,-0.42788,-0.16734,0.38834,0.61900,0.87222,1.19864,1.02465,1.23314,1.22410,1.29560,0.31745,0.66563,0.70399,1.14695,1.07509,1.36896,1.14748,1.16605,-0.49871,0.90185,1.01549
740.10800,-0.58504,-0.25761,-0.05598,0.50114,0.70858,0.98110,0.95012,1.13948,1.25148,1.32312,0.22917,0.58589,0.66480,1.07626,1.04237,1.30801,1.11863,1.13855,-0.80681,0.64170,1.04753
740.11200,-0.58504,-0.21247,-0.35220,0.20649,0.62676,0.81794,0.87558,1.04583,1.22410,1.32312,0.14089,0.42642,0.62562,1.04091,1.00965,1.27754,1.11863,1.08356,-1.01221,0.46827,1.01549
740.11600,-0.32311,-0.07708,0.09212,0.50114,0.70858,0.98110,0.91285,1.10827,1.22410,1.32312,0.22917,0.54602,0.66480,1.11161,1.04237,1.33849,1.17634,1.19354,-0.60141,0.72842,0.91939
740.12000,-0.16596,0.05831,0.31428,0.61900,0.87222,1.08987,0.98738,1.17070,1.25148,1.35063,0.14089,0.78523,0.78237,1.21765,1.07509,1.39943,1.17634,1.22104,-0.39601,0.90185,0.91939
740.12400,-0.37550,0.01318,0.01807,0.44221,0.70858,0.92671,0.91285,1.07705,1.30624,1.37815,0.14089,0.58589,0.74318,1.14695,1.07509,1.36896,1.17634,1.19354,-0.70411,0.64170,0.95143
740.12800,-0.37550,-0.03195,-0.20409,0.32435,0.62676,0.87233,0.83832,1.04583,1.36099,1.37815,0.36159,0.66563,0.74318,1.07626,1.07509,1.33849,1.14748,1.16605,-0.80681,0.46827,0.95143
740.13200,-0.16596,0.10344,0.16618,0.20649,0.79040,1.03548,0.91285,1.10827,1.33361,1.35063,0.53815,0.82510,0.82156,1.14695,1.10781,1.39943,1.23405,1.22104,-0.49871,0.64170,0.91939
740.13600,-0.06119,0.19370,0.53644,0.32435,0.87222,1.19864,1.02465,1.17070,1.38837,1.40567,0.67057,0.94470,0.89994,1.18230,1.17325,1.49085,1.40717,1.33102,-0.29331,0.90185,0.88736
740.14000,-0.11357,0.28396,0.31428,1.03152,0.87222,1.08987,0.98738,1.13948,1.41575,1.43318,0.49401,0.86496,0.89994,1.18230,1.17325,1.46038,1.34946,1.24854,-0.39601,0.64170,0.91939
740.14400,-0.21834,0.19370,0.01807,0.67793,0.70858,0.87233,0.83832,1.01461,1.38837,1.40567,0.40573,0.82510,0.78237,1.14695,1.07509,1.33849,1.32061,1.16605,-0.70411,0.38155,0.91939
740.14800,-0.06119,0.28396,0.16618,0.67793,0.79040,0.92671,0.83832,1.01461,1.36099,1.35063,0.62643,0.82510,0.86075,1.11161,1.14053,1.33849,1.34946,1.22104,-0.49871,0.46827,0.82329
740.15200,0.09597,0.50961,0.53644,1.09045,0.95405,1.14425,0.95012,1.10827,1.36099,1.37815,0.71471,0.86496,0.89994,1.21765,1.17325,1.42990,1.37832,1.27603,-0.08791,0.72842,0.75922
740.15600,0.09597,0.59987,0.61050,0.91365,0.87222,1.14425,0.91285,1.07705,1.38837,1.46070,0.58229,1.02443,0.89994,1.25299,1.17325,1.42990,1.34946,1.30353,-0.19061,0.64170,0.79125
740.16000,0.04358,0.50961,0.16618,0.85472,0.79040,0.92671,0.76379,0.95217,1.38837,1.43318,0.53815,0.98457,0.89994,1.21765,1.10781,1.36896,1.32061,1.22104,-0.49871,0.29484,0.82329
740.16400,0.20074,0.64501,0.38834,0.91365,0.79040,0.98110,0.76379,0.88973,1.33361,1.32312,0.71471,0.98457,0.93913,1.21765,1.10781,1.36896,1.37832,1.27603,-0.29331,0.38155,0.72718
740.16800,0.35790,0.82553,0.83265,1.20831,1.03587,1.14425,0.80105,0.88973,1.27886,1.32312,0.80299,1.22377,1.01751,1.35904,1.14053,1.46038,1.43603,1.41351,0.11749,0.64170,0.63108
740.17200,0.46267,0.91579,0.68455,1.26724,0.95405,1.19864,0.80105,0.82730,1.30624,1.35063,0.80299,1.38324,1.05670,1.39438,1.17325,1.49085,1.46488,1.41351,0.11749,0.64170,0.56701
740.17600,0.35790,0.91579,0.24023,1.03152,0.87222,0.98110,0.65199,0.63998,1.33361,1.29560,0.71471,1.22377,1.05670,1.32369,1.17325,1.36896,1.49374,1.27603,-0.19061,0.20812,0.56701
740.18000,0.41028,0.96092,0.31428,0.67793,0.87222,0.98110,0.54020,0.54633,1.22410,1.21305,1.06783,1.26364,1.13507,1.25299,1.14053,1.27754,1.55144,1.33102,-0.08791,0.20812,0.47091
740.18400,0.67221,1.14144,0.98076,1.14938,1.03587,1.14425,0.54020,0.48389,1.11459,1.10298,1.20025,1.42311,1.17426,1.25299,1.17325,1.27754,1.58030,1.44101,0.32289,0.38155,0.27870
740.18800,0.77698,1.27683,1.12887,1.85654,1.03587,1.08987,0.42840,0.39023,1.00508,0.99292,1.11197,1.46298,1.17426,1.25299,1.04237,1.18612,1.60915,1.38601,0.52829,0.29484,0.15056
740.19200,0.72459,1.27683,0.83265,1.26724,0.87222,0.81794,0.13028,0.14048,0.86820,0.80030,1.20025,1.42311,1.09589,1.14695,0.84604,1.00329,1.58030,1.24854,0.22019,-0.13875,0.05446
740.19600,0.77698,1.32196,0.90671,1.14938,0.70858,0.49164,-0.13058,-0.07805,0.59442,0.49761,1.15611,1.34337,1.05670,0.97022,0.68243,0.82045,1.49374,1.19354,0.22019,-0.39889,-0.13775
740.20000,1.03890,1.50249,1.12887,1.26724,0.70858,0.43725,-0.27964,-0.23414,0.29327,0.19493,1.46509,1.46298,1.05670,0.89952,0.51883,0.66808,1.46488,1.22104,0.63099,-0.22546,-0.39402
740.20400,1.30083,1.63788,1.64724,1.09045,0.62676,0.27410,-0.46596,-0.45267,-0.00788,-0.05272,1.59751,1.42311,1.01751,0.75813,0.38794,0.51572,1.49374,1.19354,0.83639,-0.31218,-0.58623
740.20800,1.30083,1.68301,1.35103,0.85472,0.29947,-0.21536,-0.80135,-0.76486,-0.28166,-0.32789,1.42095,1.06430,0.82156,0.44000,0.12617,0.18052,1.37832,1.00107,0.63099,-0.65904,-0.71437
740.21200,1.56276,1.77327,1.20292,0.67793,-0.02782,-0.43290,-1.09947,-0.98339,-0.55543,-0.52051,1.50923,1.02443,0.74318,0.15723,-0.10288,-0.09373,1.29175,0.89109,0.73369,-0.91919,-0.81047
740.21600,1.92945,1.99892,1.79535,0.91365,-0.10964,-0.48729,-1.24854,-1.07705,-0.85659,-0.71313,1.68579,1.10417,0.70399,0.05118,-0.23376,-0.18515,1.20519,0.97358,1.14449,-0.65904,-1.00268
740.22000,2.19138,2.26970,1.94345,1.14938,-0.27329,-0.48729,-1.43486,-1.20192,-1.07561,-0.79568,1.72993,1.10417,0.54724,-0.05486,-0.49553,-0.30704,1.17634,1.02857,1.65799,-0.48561,-1.09878
740.22400,2.40092,2.45023,1.57319,1.20831,-0.60057,-0.54167,-1.62119,-1.29558,-1.15774,-0.82319,1.81821,1.18390,0.42967,-0.12555,-0.62642,-0.42893,1.08977,1.08356,1.65799,-0.57233,-1.06675
740.22800,2.45330,2.63075,1.20292,0.91365,-1.00968,-0.59606,-1.77025,-1.38924,-1.13036,-0.85071,1.90649,1.38324,0.31210,-0.09021,-0.75730,-0.48988,1.03206,1.11106,1.76069,-0.65904,-1.03472
740.23200,2.82000,2.94666,1.57319,1.26724,-1.09151,-0.32413,-1.69572,-1.32680,-1.10299,-0.82319,1.55337,1.62244,0.19453,0.08653,-0.82274,-0.39846,1.03206,1.35852,2.37689,-0.22546,-1.03472
740.23600,3.08193,3.21745,1.86940,2.44584,-1.00968,-0.05221,-1.54666,-1.13948,-0.99348,-0.68561,1.55337,1.94138,0.15535,0.36931,-0.75730,-0.24610,0.97436,1.66097,2.89039,0.12140,-0.97065
740.24000,3.02954,3.30771,1.49913,2.44584,-1.17333,0.16533,-1.47213,-1.07705,-0.80183,-0.54802,1.55337,2.10085,0.07697,0.54605,-0.75730,-0.15468,0.94550,1.71597,2.89039,0.29484,-0.84251
740.24400,2.92477,3.30771,1.20292,2.38691,-1.33697,0.32848,-1.47213,-0.98339,-0.63757,-0.46547,1.42095,2.26032,-0.04060,0.68744,-0.75730,-0.09373,1.03206,1.82595,2.78769,0.20812,-0.71437
740.24800,3.08193,3.48823,1.27697,2.79942,-1.25515,0.70918,-1.36033,-0.82730,-0.58281,-0.43796,1.46509,2.49953,-0.04060,0.97022,-0.72458,0.02816,1.06092,1.88094,3.19849,0.55498,-0.71437
740.25200,3.23908,3.53336,1.42508,3.09408,-1.09151,1.19864,-1.17400,-0.60877,-0.58281,-0.38292,1.33267,2.77860,-0.04060,1.21765,-0.69186,0.15005,1.06092,1.96343,3.50659,0.98856,-0.71437
740.25600,2.97716,3.44310,1.12887,3.21194,-1.09151,1.36179,-1.17400,-0.54633,-0.61019,-0.32789,1.20025,2.57926,-0.11898,1.28834,-0.79002,0.18052,0.97436,1.85345,3.40389,0.90185,-0.65030
740.26000,2.61046,3.26258,0.90671,2.97621,-1.17333,1.30741,-1.24854,-0.57755,-0.69232,-0.38292,0.97955,2.30019,-0.23655,1.14695,-0.95363,0.05863,0.77237,1.60598,2.78769,0.55498,-0.65030
740.26400,2.45330,3.08205,0.90671,3.09408,-1.09151,1.47056,-1.17400,-0.48389,-0.80183,-0.46547,0.75885,2.45966,-0.35411,1.11161,-1.08451,0.02816,0.51269,1.44101,2.58229,0.55498,-0.68234
740.26800,2.24376,2.90153,1.12887,3.27087,-0.84604,1.68810,-1.02494,-0.35902,-0.88396,-0.52051,0.71471,2.34006,-0.47168,1.18230,-1.21540,0.05863,0.36841,1.22104,2.68499,0.90185,-0.74640
740.27200,1.82468,2.67588,1.12887,3.09408,-0.76422,1.68810,-0.95041,-0.29658,-0.85659,-0.52051,0.49401,2.02112,-0.66763,1.11161,-1.28084,-0.03279,0.16643,1.00107,2.17149,0.64170,-0.74640
740.27600,1.35321,2.22457,0.46239,2.68156,-0.84604,1.47056,-0.98768,-0.32780,-0.82921,-0.54802,-0.16808,1.74205,-0.86357,0.89952,-1.31356,-0.18515,-0.20868,0.61613,1.45259,0.12140,-0.65030
740.28000,0.98652,1.90866,0.46239,2.26905,-0.76422,1.36179,-0.95041,-0.26536,-0.82921,-0.63057,-0.52120,1.46298,-0.98114,0.72278,-1.34628,-0.30704,-0.41066,0.31367,1.04179,-0.05203,-0.68234
740.28400,0.77698,1.68301,0.90671,1.85654,-0.43693,1.36179,-0.76409,-0.17170,-0.82921,-0.63057,-0.38878,1.26364,-0.98114,0.58139,-1.24812,-0.39846,-0.58378,0.12120,0.93909,-0.05203,-0.71437
740.28800,0.56744,1.36709,0.90671,2.21012,-0.27329,1.14425,-0.65229,-0.17170,-0.80183,-0.65809,-0.34464,1.02443,-1.02033,0.36931,-1.24812,-0.52035,-0.81462,-0.18125,0.52829,-0.31218,-0.71437
740.29200,0.14835,0.91579,0.46239,1.73868,-0.35511,0.65479,-0.76409,-0.29658,-0.82921,-0.74064,-0.60948,0.62576,-1.13790,0.08653,-1.28084,-0.73366,-0.98774,-0.62119,-0.19061,-1.00591,-0.68234
740.29600,-0.11357,0.59987,0.46239,1.09045,-0.27329,0.38287,-0.76409,-0.35902,-0.85659,-0.85071,-0.78604,0.30682,-1.21627,-0.12555,-1.28084,-0.91650,-1.18973,-0.92364,-0.70411,-1.35277,-0.74640
740.30000,-0.11357,0.41935,0.98076,1.14938,-0.02782,0.27410,-0.65229,-0.35902,-0.93872,-0.98829,-0.78604,0.10748,-1.17709,-0.30229,-1.21540,-1.00792,-1.36285,-1.08862,-0.70411,-1.26606,-0.84251
740.30400,-0.16596,0.28396,1.20292,0.79579,0.21765,0.16533,-0.61503,-0.35902,-0.99348,-1.07084,-0.83018,-0.01212,-1.13790,-0.44368,-1.14995,-1.09934,-1.56483,-1.30859,-0.80681,-1.52621,-0.87454
740.30800,-0.37550,0.05831,0.83265,0.32435,0.13582,-0.21536,-0.68956,-0.48389,-1.02085,-1.09836,-0.65362,-0.37093,-1.13790,-0.58507,-1.21540,-1.22123,-1.68025,-1.55605,-1.32031,-2.04650,-0.87454
740.31200,-0.37550,-0.12221,0.98076,0.08863,0.13582,-0.37852,-0.72682,-0.57755,-1.02085,-1.15339,-0.52120,-0.49053,-1.09871,-0.69111,-1.14995,-1.31264,-1.62254,-1.69353,-1.52571,-2.21994,-0.87454
740.31600,-0.11357,-0.12221,1.64724,0.20649,0.38129,-0.32413,-0.65229,-0.51511,-1.07561,-1.23594,-0.65362,-0.33106,-0.98114,-0.65577,-1.01907,-1.28217,-1.68025,-1.74852,-1.42301,-2.13322,-0.97065
740.32000,-0.00880,-0.03195,1.86940,0.32435,0.46311,-0.26975,-0.61503,-0.48389,-1.10299,-1.20843,-0.52120,-0.37093,-0.82438,-0.62042,-0.95363,-1.19075,-1.62254,-1.74852,-1.11491,-2.04650,-1.03472
740.32400,0.04358,-0.03195,1.64724,0.08863,0.46311,-0.37852,-0.65229,-0.54633,-1.04823,-1.12588,-0.47706,-0.29119,-0.70682,-0.62042,-0.88818,-1.16028,-1.59369,-1.80351,-1.32031,-2.21994,-0.93861
740.32800,0.09597,-0.03195,1.35103,-0.08816,0.38129,-0.54167,-0.65229,-0.57755,-1.02085,-1.07084,-0.25636,-0.33106,-0.51087,-0.65577,-0.79002,-1.09934,-1.53598,-1.80351,-1.42301,-2.39337,-0.90658
740.33200,0.25313,0.05831,1.86940,-0.26495,0.62676,-0.37852,-0.54050,-0.51511,-1.02085,-1.01581,0.22917,-0.21146,-0.27573,-0.51438,-0.62642,-0.97744,-1.30514,-1.63854,-1.11491,-2.13322,-0.93861
740.33600,0.46267,0.23883,2.23967,-0.08816,0.79040,-0.21536,-0.39143,-0.42145,-0.96610,-0.93326,0.49401,0.06762,-0.07979,-0.30229,-0.46281,-0.79461,-1.10316,-1.41857,-0.60141,-1.78635,-0.93861
740.34000,0.35790,0.19370,1.94345,0.50114,0.79040,-0.32413,-0.39143,-0.45267,-0.85659,-0.82319,0.67057,0.10748,0.15535,-0.26694,-0.33192,-0.70319,-0.93004,-1.28109,-0.90951,-1.95979,-0.87454
740.34400,0.30551,0.14857,1.57319,0.08863,0.70858,-0.54167,-0.42870,-0.48389,-0.74708,-0.74064,0.62643,-0.09185,0.27291,-0.26694,-0.20104,-0.67272,-0.78576,-1.22610,-1.11491,-2.21994,-0.81047
740.34800,0.46267,0.19370,1.72129,0.14756,0.87222,-0.43290,-0.27964,-0.42145,-0.63757,-0.68561,0.97955,0.02775,0.54724,-0.16090,-0.00471,-0.52035,-0.58378,-1.03363,-0.80681,-1.95979,-0.77844
740.35200,0.61982,0.28396,2.09156,0.38328,1.11769,-0.26975,-0.13058,-0.29658,-0.52806,-0.57554,1.37681,0.42642,0.78237,0.08653,0.19162,-0.30704,-0.26638,-0.75867,-0.49871,-1.69964,-0.77844
740.35600,0.56744,0.28396,1.86940,0.08863,1.03587,-0.43290,-0.09331,-0.29658,-0.39117,-0.49299,1.46509,0.26695,0.97832,0.05118,0.35522,-0.24610,-0.12211,-0.62119,-0.49871,-1.69964,-0.71437
740.36000,0.51505,0.19370,1.35103,-0.14709,0.87222,-0.65044,-0.16784,-0.42145,-0.30904,-0.46547,1.59751,0.02775,1.05670,-0.05486,0.35522,-0.27657,-0.03555,-0.64868,-0.70411,-2.04650,-0.61827
740.36400,0.61982,0.19370,1.72129,-0.14709,0.87222,-0.59606,-0.16784,-0.39023,-0.30904,-0.49299,1.59751,0.26695,1.09589,0.05118,0.42066,-0.21563,0.07987,-0.51120,-0.49871,-1.78635,-0.65030
740.36800,0.88175,0.28396,2.01751,0.02970,0.95405,-0.48729,-0.09331,-0.35902,-0.36379,-0.52051,1.37681,0.30682,1.13507,0.08653,0.42066,-0.12421,0.16643,-0.40122,-0.08791,-1.43949,-0.71437
740.37200,0.93413,0.28396,1.72129,-0.08816,0.87222,-0.54167,-0.13058,-0.39023,-0.36379,-0.46547,1.46509,0.26695,1.13507,0.08653,0.38794,-0.12421,0.25300,-0.31873,0.01479,-1.43949,-0.74640
740.37600,0.67221,0.10344,1.27697,-0.50067,0.70858,-0.75921,-0.27964,-0.51511,-0.33641,-0.46547,1.59751,0.18722,1.05670,0.01584,0.32250,-0.15468,0.19529,-0.26374,-0.19061,-1.69964,-0.71437
740.38000,0.77698,0.05831,1.12887,-0.97211,0.54494,-0.81359,-0.39143,-0.57755,-0.36379,-0.52051,1.59751,0.02775,1.01751,-0.09021,0.28978,-0.21563,0.22414,-0.26374,-0.08791,-1.69964,-0.77844
740.38400,0.93413,0.19370,1.42508,-0.50067,0.54494,-0.65044,-0.27964,-0.51511,-0.36379,-0.49299,1.72993,0.18722,1.09589,-0.01951,0.35522,-0.09373,0.28185,-0.09877,0.32289,-1.26606,-0.87454
740.38800,0.88175,0.14857,1.35103,0.08863,0.54494,-0.65044,-0.24237,-0.48389,-0.30904,-0.43796,1.68579,0.26695,1.13507,0.12188,0.35522,-0.03279,0.25300,-0.07127,0.42559,-1.17934,-0.84251
740.39200,0.67221,-0.07708,0.90671,-0.55960,0.38129,-0.81359,-0.35417,-0.51511,-0.25428,-0.41044,1.55337,0.18722,1.05670,0.08653,0.32250,-0.06326,0.36841,-0.12626,0.11749,-1.43949,-0.81047
740.39600,0.56744,-0.12221,0.75860,-0.55960,0.29947,-0.86798,-0.39143,-0.51511,-0.25428,-0.41044,1.42095,0.02775,1.05670,0.05118,0.28978,-0.06326,0.33956,-0.07127,0.11749,-1.43949,-0.77844
740.40000,0.77698,0.01318,1.05481,-0.20602,0.46311,-0.54167,-0.24237,-0.39023,-0.25428,-0.38292,1.72993,0.18722,1.13507,0.19257,0.38794,0.02816,0.48383,0.06621,0.63099,-1.00591,-0.77844
740.40400,0.88175,0.05831,1.12887,-0.20602,0.54494,-0.43290,-0.13058,-0.26536,-0.17215,-0.27286,1.68579,0.30682,1.21345,0.33396,0.51883,0.15005,0.51269,0.12120,0.73369,-0.83248,-0.68234
740.40800,0.67221,-0.07708,0.68455,-0.44174,0.38129,-0.59606,-0.24237,-0.32780,-0.11739,-0.21782,1.28853,0.14735,1.13507,0.26327,0.42066,0.08910,0.48383,0.09371,0.42559,-1.00591,-0.61827
740.41200,0.51505,-0.16734,0.38834,-0.61853,0.29947,-0.65044,-0.27964,-0.32780,-0.06264,-0.19031,1.15611,0.18722,1.09589,0.33396,0.42066,0.11958,0.51269,0.09371,0.22019,-1.09262,-0.55420
740.41600,0.61982,-0.07708,0.90671,-0.32388,0.54494,-0.43290,-0.16784,-0.20292,-0.03526,-0.16279,1.37681,0.34669,1.25264,0.40466,0.55155,0.21099,0.62810,0.23119,0.52829,-0.65904,-0.55420
740.42000,0.72459,0.01318,1.12887,-0.20602,0.70858,-0.26975,-0.05605,-0.17170,-0.00788,-0.08024,1.42095,0.22708,1.37021,0.44000,0.61699,0.27194,0.77237,0.31367,0.83639,-0.48561,-0.58623
740.42400,0.56744,-0.03195,0.61050,-0.38281,0.46311,-0.37852,-0.13058,-0.17170,0.07425,0.00231,1.20025,0.10748,1.29183,0.44000,0.61699,0.27194,0.68581,0.20369,0.52829,-0.65904,-0.45809
740.42800,0.46267,-0.12221,0.31428,-0.67746,0.29947,-0.43290,-0.24237,-0.17170,0.07425,0.02983,1.24439,0.26695,1.25264,0.40466,0.61699,0.27194,0.68581,0.25868,0.32289,-0.65904,-0.39402
740.43200,0.51505,-0.07708,0.53644,-0.85425,0.46311,-0.26975,-0.20511,-0.10927,0.07425,0.00231,1.28853,0.30682,1.21345,0.44000,0.58427,0.33288,0.71467,0.34117,0.52829,-0.48561,-0.45809
740.43600,0.51505,-0.03195,0.75860,-0.20602,0.46311,-0.16098,-0.13058,-0.07805,-0.00788,-0.02521,1.28853,0.38655,1.17426,0.47535,0.55155,0.36336,0.68581,0.36867,0.73369,-0.31218,-0.49013
740.44000,0.41028,-0.12221,0.38834,-0.08816,0.29947,-0.32413,-0.24237,-0.14048,-0.03526,-0.02521,1.06783,0.42642,1.05670,0.40466,0.45339,0.27194,0.54154,0.25868,0.42559,-0.48561,-0.45809
740.44400,0.30551,-0.21247,-0.05598,-0.67746,0.21765,-0.54167,-0.35417,-0.23414,-0.03526,-0.05272,0.97955,0.14735,0.97832,0.22792,0.38794,0.18052,0.48383,0.17619,0.11749,-0.83248,-0.42606
740.44800,0.25313,-0.12221,0.09212,-0.44174,0.21765,-0.48729,-0.35417,-0.20292,-0.09002,-0.10776,1.06783,0.02775,0.93913,0.15723,0.35522,0.18052,0.51269,0.17619,0.22019,-0.65904,-0.49013
740.45200,0.46267,-0.07708,0.46239,-0.26495,0.29947,-0.32413,-0.27964,-0.14048,-0.11739,-0.10776,0.97955,0.22708,0.89994,0.26327,0.32250,0.21099,0.51269,0.20369,0.63099,-0.31218,-0.52216
740.45600,0.35790,-0.07708,0.31428,-0.44174,0.13582,-0.37852,-0.31690,-0.20292,-0.11739,-0.08024,0.71471,0.10748,0.82156,0.19257,0.25706,0.15005,0.51269,0.17619,0.42559,-0.57233,-0.52216
740.46000,0.14835,-0.25761,-0.13004,-0.61853,-0.02782,-0.59606,-0.42870,-0.29658,-0.11739,-0.05272,0.44987,-0.13172,0.74318,0.08653,0.22434,0.05863,0.39727,0.03871,-0.08791,-0.83248,-0.49013
740.46400,0.14835,-0.30274,-0.20409,-0.61853,-0.02782,-0.59606,-0.39143,-0.32780,-0.11739,-0.08024,0.62643,-0.17159,0.70399,-0.01951,0.22434,0.05863,0.36841,0.09371,0.01479,-0.83248,-0.49013
740.46800,0.30551,-0.12221,0.16618,-0.38281,0.13582,-0.43290,-0.27964,-0.26536,-0.11739,-0.10776,0.71471,0.02775,0.74318,0.08653,0.25706,0.11958,0.36841,0.14870,0.32289,-0.65904,-0.55420
740.47200,0.25313,-0.16734,0.24023,-0.38281,0.13582,-0.43290,-0.27964,-0.29658,-0.09002,-0.08024,0.36159,-0.01212,0.66480,0.08653,0.25706,0.08910,0.31070,0.12120,0.22019,-0.57233,-0.55420
740.47600,0.09597,-0.30274,-0.42625,-0.73639,-0.10964,-0.65044,-0.42870,-0.42145,-0.06264,-0.08024,0.36159,-0.13172,0.58643,-0.01951,0.19162,0.02816,0.22414,0.06621,-0.08791,-0.91919,-0.52216
740.48000,0.20074,-0.21247,-0.27814,-1.14890,-0.19146,-0.65044,-0.46596,-0.45267,-0.09002,-0.10776,0.44987,-0.13172,0.54724,0.01584,0.19162,0.02816,0.28185,0.01122,0.01479,-0.91919,-0.58623
740.48400,0.41028,-0.12221,0.09212,-0.50067,-0.02782,-0.48729,-0.39143,-0.39023,-0.11739,-0.08024,0.53815,-0.01212,0.58643,0.05118,0.19162,0.05863,0.33956,0.17619,0.52829,-0.65904,-0.68234
740.48800,0.46267,-0.07708,0.09212,-0.02923,-0.02782,-0.48729,-0.39143,-0.39023,-0.06264,0.00231,0.58229,0.10748,0.50805,0.08653,0.19162,0.11958,0.31070,0.23119,0.63099,-0.57233,-0.68234
740.49200,0.30551,-0.21247,-0.20409,-0.67746,-0.19146,-0.70482,-0.50323,-0.48389,-0.00788,0.02983,0.44987,-0.09185,0.46886,-0.01951,0.15889,0.05863,0.31070,0.09371,0.32289,-0.91919,-0.68234
740.49600,0.25313,-0.25761,-0.35220,-0.67746,-0.27329,-0.86798,-0.61503,-0.54633,-0.00788,0.02983,0.44987,-0.25132,0.42967,-0.12555,0.12617,0.02816,0.31070,0.03871,0.32289,-1.00591,-0.71437
740.50000,0.46267,-0.12221,0.09212,-0.44174,-0.19146,-0.70482,-0.54050,-0.51511,-0.09002,0.00231,0.49401,-0.29119,0.42967,-0.12555,0.09345,0.08910,0.31070,0.09371,0.73369,-0.65904,-0.81047
740.50400,0.56744,-0.12221,0.24023,-0.32388,-0.02782,-0.59606,-0.50323,-0.48389,-0.06264,0.02983,0.40573,-0.33106,0.42967,-0.09021,0.06073,0.08910,0.31070,0.14870,0.83639,-0.57233,-0.84251
740.50800,0.30551,-0.16734,0.01807,-0.50067,-0.19146,-0.75921,-0.61503,-0.57755,-0.06264,0.05734,0.31745,-0.37093,0.35129,-0.16090,-0.00471,0.02816,0.22414,0.06621,0.42559,-0.91919,-0.77844
740.51200,0.20074,-0.25761,-0.20409,-0.67746,-0.27329,-0.86798,-0.65229,-0.63998,-0.06264,-0.02521,0.36159,-0.45066,0.35129,-0.23160,-0.00471,-0.06326,0.16643,-0.01628,0.32289,-1.00591,-0.77844
740.51600,0.41028,-0.12221,0.01807,-0.38281,-0.02782,-0.75921,-0.54050,-0.57755,-0.11739,-0.08024,0.36159,-0.29119,0.42967,-0.19625,0.06073,-0.03279,0.22414,0.03871,0.63099,-0.74576,-0.81047
740.52000,0.51505,0.01318,0.46239,-0.32388,0.13582,-0.59606,-0.39143,-0.51511,-0.09002,0.00231,0.36159,-0.21146,0.50805,-0.12555,0.12617,0.02816,0.28185,0.14870,0.73369,-0.48561,-0.77844
740.52400,0.30551,-0.12221,0.01807,-0.67746,-0.10964,-0.86798,-0.42870,-0.60877,-0.06264,0.00231,0.36159,-0.33106,0.42967,-0.23160,-0.00471,-0.03279,0.25300,0.03871,0.42559,-0.74576,-0.74640
740.52800,0.09597,-0.30274,-0.35220,-1.32570,-0.27329,-1.03113,-0.50323,-0.70242,-0.03526,0.00231,0.27331,-0.41079,0.31210,-0.26694,-0.03743,-0.09373,0.25300,-0.07127,0.01479,-1.00591,-0.71437
740.53200,0.04358,-0.25761,-0.05598,-0.73639,-0.19146,-1.03113,-0.42870,-0.67120,-0.06264,0.00231,0.36159,-0.29119,0.31210,-0.30229,-0.00471,-0.09373,0.19529,0.03871,0.11749,-0.83248,-0.74640
740.53600,0.09597,-0.30274,0.09212,-0.32388,-0.19146,-1.03113,-0.39143,-0.67120,-0.09002,-0.02521,0.40573,-0.17159,0.31210,-0.33764,-0.03743,-0.09373,0.16643,0.12120,0.22019,-0.57233,-0.81047
740.54000,-0.06119,-0.43813,-0.13004,-0.85425,-0.35511,-1.19429,-0.54050,-0.76486,-0.14477,-0.05272,0.00847,-0.53040,0.11616,-0.44368,-0.13560,-0.18515,0.02216,-0.01628,0.01479,-0.91919,-0.84251
740.54400,-0.32311,-0.52839,-0.57436,-0.97211,-0.60057,-1.52059,-0.72682,-0.95217,-0.22690,-0.16279,-0.30050,-0.92907,-0.11898,-0.69111,-0.33192,-0.36799,-0.17982,-0.20875,-0.29331,-1.26606,-0.90658
740.54800,-0.37550,-0.66378,-0.50030,-1.03104,-0.68240,-1.52059,-0.80135,-1.04583,-0.39117,-0.35541,-0.38878,-0.96894,-0.27573,-0.79715,-0.46281,-0.48988,-0.29524,-0.31873,-0.19061,-1.17934,-1.06675
740.55200,-0.21834,-0.61865,-0.27814,-0.85425,-0.68240,-1.35744,-0.76409,-1.01461,-0.52806,-0.49299,-0.38878,-0.92907,-0.39330,-0.90320,-0.56097,-0.55083,-0.38180,-0.31873,0.32289,-0.83248,-1.16285
740.55600,-0.27073,-0.66378,-0.57436,-0.97211,-0.92786,-1.41182,-0.87588,-1.13948,-0.61019,-0.57554,-0.65362,-1.04867,-0.55006,-1.15063,-0.69186,-0.70319,-0.61264,-0.51120,0.22019,-0.91919,-1.16285
740.56000,-0.63742,-0.93456,-1.16678,-1.44356,-1.33697,-1.79252,-1.13674,-1.32680,-0.77445,-0.74064,-0.96260,-1.40748,-0.82438,-1.36271,-0.88818,-0.97744,-0.84347,-0.78616,-0.19061,-1.26606,-1.22692
740.56400,-0.68981,-1.02482,-1.31489,-1.50249,-1.50062,-1.90129,-1.28580,-1.48289,-0.99348,-0.98829,-1.18330,-1.60682,-1.09871,-1.57480,-1.08451,-1.16028,-0.90118,-0.89615,-0.08791,-1.17934,-1.32303
740.56800,-0.53265,-1.11509,-1.31489,-1.44356,-1.50062,-1.84690,-1.28580,-1.54533,-1.18512,-1.20843,-1.53642,-1.64668,-1.29465,-1.71619,-1.28084,-1.28217,-1.10316,-1.00613,0.32289,-0.91919,-1.48320
740.57200,-0.63742,-1.16022,-1.38894,-1.79714,-1.74608,-2.01005,-1.43486,-1.63899,-1.34938,-1.31849,-1.62470,-1.76629,-1.52979,-1.85758,-1.47717,-1.46501,-1.36285,-1.17111,0.22019,-1.00591,-1.51523
740.57600,-0.84696,-1.38587,-1.75921,-2.62216,-2.15519,-2.28198,-1.65845,-1.85752,-1.51365,-1.48360,-1.75712,-2.12509,-1.76492,-2.06966,-1.70622,-1.70879,-1.53598,-1.44607,-0.08791,-1.26606,-1.54727
740.58000,-0.79458,-1.43100,-1.98137,-2.32751,-2.31884,-2.39075,-1.84478,-1.98239,-1.70529,-1.67621,-1.88954,-2.24470,-1.96087,-2.21105,-1.90254,-1.86115,-1.73796,-1.63854,0.01479,-1.26606,-1.64337
740.58400,-0.63742,-1.34074,-1.53705,-1.62035,-2.23702,-2.33636,-1.84478,-1.98239,-1.86956,-1.81380,-2.06610,-2.28456,-2.11763,-2.28175,-2.03343,-1.92210,-1.88223,-1.63854,0.32289,-0.91919,-1.73948
740.58800,-0.53265,-1.29561,-1.61110,-1.97393,-2.23702,-2.28198,-1.84478,-2.04483,-1.97907,-1.92386,-2.24266,-2.40417,-2.23519,-2.31709,-2.13159,-2.01352,-1.96879,-1.66603,0.52829,-0.83248,-1.77151
740.59200,-0.58504,-1.34074,-2.05542,-2.09179,-2.40066,-2.49952,-2.03111,-2.16970,-2.03382,-2.00641,-2.19852,-2.40417,-2.35276,-2.42314,-2.26248,-2.13541,-2.05536,-1.80351,0.22019,-1.17934,-1.73948
740.59600,-0.58504,-1.34074,-2.20353,-2.20965,-2.48248,-2.55390,-2.14290,-2.26336,-2.17071,-2.17151,-2.33094,-2.52377,-2.43114,-2.56452,-2.39336,-2.25730,-2.19963,-1.96849,0.22019,-1.26606,-1.77151
740.60000,-0.27073,-1.11509,-1.75921,-2.03286,-2.31884,-2.28198,-2.06837,-2.16970,-2.28022,-2.25407,-2.11024,-2.36430,-2.43114,-2.45848,-2.39336,-2.22683,-2.11307,-1.91350,0.63099,-0.91919,-1.83558
740.60400,-0.16596,-1.02482,-1.53705,-1.79714,-2.31884,-2.22759,-2.03111,-2.10727,-2.30760,-2.28158,-2.11024,-2.24470,-2.47033,-2.45848,-2.42608,-2.22683,-2.14192,-1.85850,0.83639,-0.83248,-1.83558
740.60800,-0.27073,-1.06995,-1.98137,-2.03286,-2.56430,-2.33636,-2.18017,-2.20092,-2.33497,-2.33662,-2.41922,-2.36430,-2.54871,-2.56452,-2.49152,-2.34872,-2.28619,-1.99598,0.52829,-1.09262,-1.80354
740.61200,-0.32311,-1.11509,-2.42569,-2.03286,-2.64613,-2.39075,-2.21743,-2.26336,-2.38973,-2.41917,-2.63992,-2.32443,-2.62708,-2.70591,-2.55697,-2.50108,-2.31505,-2.13346,0.32289,-1.26606,-1.80354
740.61600,-0.11357,-0.93456,-2.27758,-1.79714,-2.64613,-2.17321,-2.14290,-2.16970,-2.41711,-2.47420,-2.28680,-2.24470,-2.62708,-2.67057,-2.55697,-2.47061,-2.37276,-2.13346,0.73369,-0.91919,-1.83558
740.62000,-0.00880,-0.75404,-1.75921,-1.56142,-2.64613,-1.90129,-2.03111,-2.10727,-2.41711,-2.44668,-1.97782,-2.16496,-2.58790,-2.52918,-2.52425,-2.44014,-2.40161,-2.13346,1.04179,-0.65904,-1.80354
740.62400,-0.16596,-0.79917,-2.12948,-2.03286,-2.80977,-2.01005,-2.10564,-2.16970,-2.41711,-2.47420,-2.41922,-2.12509,-2.70546,-2.59987,-2.58969,-2.53156,-2.54588,-2.21595,0.83639,-0.83248,-1.73948
740.62800,-0.21834,-0.88943,-2.42569,-2.15072,-2.97342,-2.11882,-2.14290,-2.20092,-2.36235,-2.47420,-2.46336,-2.20483,-2.74465,-2.67057,-2.52425,-2.59250,-2.51703,-2.32594,0.63099,-0.91919,-1.67541
740.63200,0.04358,-0.75404,-2.12948,-1.26677,-2.72795,-2.06444,-1.95658,-2.13849,-2.28022,-2.41917,-2.11024,-2.20483,-2.54871,-2.70591,-2.36064,-2.53156,-2.34390,-2.32594,1.04179,-0.65904,-1.64337
740.63600,0.20074,-0.61865,-1.83326,-1.26677,-2.48248,-1.90129,-1.77025,-1.98239,-2.19809,-2.30910,-1.97782,-2.12509,-2.39195,-2.67057,-2.19703,-2.47061,-2.17077,-2.29844,1.45259,-0.31218,-1.61134
740.64000,0.09597,-0.66378,-1.90732,-1.50249,-2.40066,-1.90129,-1.69572,-1.95117,-2.03382,-2.14400,-1.84540,-2.24470,-2.23519,-2.67057,-2.09887,-2.47061,-1.91109,-2.40842,1.14449,-0.31218,-1.48320
740.64400,-0.11357,-0.84430,-2.20353,-1.67928,-2.48248,-2.11882,-1.69572,-1.95117,-1.86956,-2.06145,-1.80126,-2.40417,-2.07844,-2.74126,-1.93526,-2.47061,-1.70910,-2.57340,0.83639,-0.57233,-1.35506
740.64800,-0.00880,-0.79917,-1.83326,-1.67928,-2.23702,-1.95567,-1.50939,-1.79508,-1.70529,-1.97890,-1.66884,-2.20483,-1.92168,-2.70591,-1.73894,-2.34872,-1.42056,-2.49091,1.04179,-0.31218,-1.25896
740.65200,0.25313,-0.61865,-1.31489,-1.20783,-1.99155,-1.57498,-1.28580,-1.57655,-1.62316,-1.78628,-1.49228,-1.88589,-1.84330,-2.42314,-1.60805,-2.10494,-1.42056,-2.24345,1.45259,0.12140,-1.16285
740.65600,0.25313,-0.43813,-1.46300,-1.03104,-1.99155,-1.41182,-1.21127,-1.45167,-1.54103,-1.64870,-1.49228,-1.68655,-1.88249,-2.10501,-1.60805,-1.95257,-1.68025,-2.02348,1.45259,0.20812,-1.03472
740.66000,0.25313,-0.34787,-1.90732,-1.03104,-2.15519,-1.41182,-1.28580,-1.38924,-1.48627,-1.56615,-1.58056,-1.44735,-2.03925,-1.89292,-1.70622,-1.86115,-1.85338,-1.88600,1.24719,0.12140,-0.84251
740.66400,0.46267,-0.07708,-1.83326,-0.79532,-2.07337,-1.24867,-1.24854,-1.29558,-1.54103,-1.53863,-1.75712,-1.08854,-2.11763,-1.71619,-1.80438,-1.73926,-2.05536,-1.63854,1.45259,0.20812,-0.84251
740.66800,0.77698,0.23883,-1.16678,-0.61853,-1.82791,-0.81359,-1.13674,-1.10827,-1.54103,-1.45608,-1.31572,-0.68987,-2.00006,-1.46876,-1.77166,-1.52595,-2.11307,-1.39107,1.96609,0.64170,-0.77844
740.67200,0.98652,0.50961,-0.94462,-0.50067,-1.66426,-0.65044,-1.02494,-0.98339,-1.45889,-1.31849,-1.05088,-0.45066,-1.88249,-1.22132,-1.70622,-1.40406,-2.02650,-1.25359,2.06879,0.72842,-0.68234
740.67600,0.77698,0.46448,-1.31489,-0.08816,-1.74608,-0.86798,-1.06221,-0.98339,-1.37676,-1.23594,-1.09502,-0.53040,-1.88249,-1.18598,-1.67349,-1.40406,-1.91109,-1.19860,1.55529,0.38155,-0.55420
740.68000,0.82936,0.50961,-1.09273,-0.02923,-1.66426,-0.75921,-1.02494,-0.92095,-1.26725,-1.18091,-0.96260,-0.49053,-1.72573,-1.15063,-1.57533,-1.34312,-1.76681,-1.14361,1.45259,0.29484,-0.49013
740.68400,0.98652,0.64501,-0.50030,0.08863,-1.17333,-0.43290,-0.80135,-0.70242,-1.18512,-1.07084,-0.69776,-0.17159,-1.49060,-0.93854,-1.37900,-1.12981,-1.56483,-0.95114,1.65799,0.55498,-0.45809
740.68800,1.03890,0.73527,-0.35220,0.32435,-0.92786,-0.32413,-0.61503,-0.57755,-1.02085,-0.90574,-0.52120,0.02775,-1.29465,-0.79715,-1.18268,-1.00792,-1.39171,-0.89615,1.45259,0.64170,-0.36199
740.69200,0.82936,0.69014,-0.50030,-0.02923,-1.00968,-0.43290,-0.57776,-0.57755,-0.85659,-0.79568,-0.56534,-0.13172,-1.21627,-0.76181,-1.05179,-0.97744,-1.24743,-0.92364,1.04179,0.29484,-0.20182
740.69600,0.67221,0.59987,-0.42625,-0.02923,-0.84604,-0.48729,-0.50323,-0.48389,-0.69232,-0.65809,-0.38878,-0.09185,-1.09871,-0.69111,-0.92091,-0.85555,-1.07431,-0.86865,0.83639,0.03469,-0.10571
740.70000,0.88175,0.64501,0.01807,0.14756,-0.51875,-0.21536,-0.20511,-0.26536,-0.55543,-0.52051,-0.12394,0.10748,-0.86357,-0.51438,-0.69186,-0.67272,-0.93004,-0.59369,1.04179,0.29484,-0.04164
740.70400,0.98652,0.73527,0.24023,0.32435,-0.27329,-0.05221,-0.05605,-0.10927,-0.41855,-0.32789,-0.07980,0.26695,-0.66763,-0.37299,-0.52825,-0.45941,-0.69920,-0.37372,1.04179,0.46827,0.05446
740.70800,0.88175,0.69014,-0.13004,0.14756,-0.27329,-0.16098,-0.01878,-0.04683,-0.22690,-0.16279,-0.16808,0.22708,-0.58925,-0.30229,-0.43009,-0.36799,-0.61264,-0.29124,0.63099,0.20812,0.21463
740.71200,0.72459,0.55474,-0.27814,-0.02923,-0.19146,-0.16098,0.01848,0.01561,-0.06264,-0.02521,-0.16808,0.30682,-0.55006,-0.19625,-0.29920,-0.24610,-0.55493,-0.23625,0.22019,0.12140,0.34277
740.71600,0.72459,0.55474,0.01807,-0.08816,-0.02782,0.11094,0.20481,0.17170,0.01949,0.08486,0.00847,0.50616,-0.43249,-0.09021,-0.20104,-0.09373,-0.35295,-0.07127,0.42559,0.29484,0.37480
740.72000,0.77698,0.59987,0.46239,-0.20602,0.21765,0.32848,0.42840,0.35902,0.15638,0.24996,0.18503,0.46629,-0.27573,0.01584,-0.03743,0.08910,-0.26638,0.06621,0.42559,0.55498,0.47091
740.72400,0.56744,0.46448,0.38834,0.26542,0.21765,0.16533,0.42840,0.35902,0.29327,0.36003,0.05261,0.26695,-0.19736,-0.05486,0.06073,0.11958,-0.20868,0.03871,0.01479,0.29484,0.56701
740.72800,0.30551,0.32909,-0.05598,0.20649,0.13582,0.05656,0.42840,0.39023,0.37540,0.44258,-0.12394,0.06762,-0.19736,-0.12555,0.09345,0.18052,-0.09326,0.01122,-0.29331,0.12140,0.66311
740.73200,0.35790,0.28396,0.31428,0.08863,0.46311,0.27410,0.61473,0.51511,0.45753,0.49761,0.14089,0.18722,-0.07979,-0.01951,0.25706,0.30241,0.02216,0.14870,-0.19061,0.29484,0.69515
740.73600,0.35790,0.28396,0.61050,0.32435,0.62676,0.38287,0.80105,0.63998,0.56704,0.60768,0.40573,0.18722,0.07697,0.05118,0.42066,0.45478,0.10872,0.31367,-0.19061,0.55498,0.72718
740.74000,0.14835,0.14857,0.46239,-0.02923,0.62676,0.32848,0.83832,0.70242,0.70393,0.74526,0.36159,0.10748,0.15535,0.05118,0.48611,0.51572,0.19529,0.31367,-0.49871,0.38155,0.82329
740.74400,-0.06119,0.01318,0.09212,-0.20602,0.46311,0.16533,0.76379,0.67120,0.78606,0.80030,0.22917,0.02775,0.19453,-0.01951,0.55155,0.48525,0.22414,0.31367,-0.90951,-0.05203,0.91939
740.74800,0.09597,0.05831,0.16618,-0.14709,0.62676,0.27410,0.87558,0.73364,0.81344,0.82782,0.00847,0.06762,0.27291,0.12188,0.68243,0.60714,0.39727,0.45115,-0.80681,0.20812,0.88736
740.75200,0.25313,0.19370,0.53644,0.08863,0.87222,0.49164,1.02465,0.88973,0.84082,0.88285,0.00847,0.30682,0.27291,0.36931,0.64971,0.72903,0.45498,0.61613,-0.49871,0.46827,0.91939
740.75600,0.14835,0.14857,0.31428,0.08863,0.79040,0.60041,1.02465,0.88973,0.86820,0.93788,0.09675,0.58589,0.27291,0.51070,0.61699,0.78998,0.45498,0.64362,-0.70411,0.38155,0.98346
740.76000,-0.06119,0.05831,0.01807,-0.14709,0.62676,0.43725,0.95012,0.82730,0.89557,0.93788,0.09675,0.62576,0.27291,0.58139,0.64971,0.78998,0.45498,0.61613,-1.11491,0.12140,1.04753
740.76400,-0.06119,0.01318,-0.05598,-0.44174,0.62676,0.43725,0.91285,0.82730,0.86820,0.93788,0.09675,0.54602,0.27291,0.65209,0.64971,0.82045,0.42612,0.75361,-1.11491,0.12140,1.01549
740.76800,0.09597,0.14857,0.31428,-0.38281,0.95405,0.65479,1.02465,0.92095,0.81344,0.91037,0.14089,0.54602,0.31210,0.79348,0.64971,0.91187,0.45498,0.83610,-0.70411,0.38155,0.91939
740.77200,0.09597,0.19370,0.61050,0.32435,0.87222,0.70918,1.02465,0.92095,0.84082,0.96540,0.36159,0.70549,0.27291,0.93487,0.61699,0.94234,0.57039,0.89109,-0.70411,0.46827,0.95143
740.77600,-0.16596,-0.03195,0.09212,0.20649,0.62676,0.54602,0.87558,0.82730,0.81344,0.93788,0.14089,0.70549,0.15535,0.93487,0.51883,0.88139,0.45498,0.86359,-1.11491,0.12140,0.98346
740.78000,-0.16596,0.01318,0.09212,-0.02923,0.62676,0.60041,0.80105,0.79608,0.73131,0.82782,0.09675,0.66563,0.07697,0.89952,0.45339,0.82045,0.36841,0.80860,-1.01221,0.12140,0.95143
740.78400,-0.00880,0.14857,0.46239,0.38328,0.70858,0.76356,0.87558,0.88973,0.67655,0.80030,0.18503,0.82510,0.07697,0.97022,0.45339,0.88139,0.39727,0.86359,-0.70411,0.46827,0.88736
740.78800,-0.00880,0.14857,0.46239,0.38328,0.70858,0.87233,0.83832,0.88973,0.64918,0.77278,-0.07980,0.78523,-0.00141,1.00556,0.35522,0.88139,0.33956,0.80860,-0.60141,0.46827,0.88736
740.79200,-0.16596,0.01318,0.09212,0.20649,0.46311,0.65479,0.72652,0.79608,0.62180,0.77278,-0.43292,0.70549,-0.15817,0.97022,0.25706,0.75950,0.28185,0.69862,-0.90951,0.20812,0.91939
740.79600,-0.16596,-0.03195,-0.05598,0.14756,0.38129,0.65479,0.65199,0.76486,0.59442,0.71775,-0.47706,0.74536,-0.23655,0.89952,0.22434,0.69856,0.25300,0.67112,-1.01221,0.20812,0.91939
